Column A,Column B,Start Position,End Position
& ארי היל - אבא (רמיקס - אהרון קופמן),ארי היל,1,2
& מקהלת ידידים - ישאלוני רעיוני,מקהלת ידידים,1,2
'ואילו' - משה פלד   מילים בתיאור - השיר הזוכה בתוכנית המלחינים 2,משה פלד,4,5
"'חסידישקייט' עם ישי ריבו, מוטי שטיינמץ, יעקב שוואקי",ישי ריבו,4,5
"'חסידישקייט' עם ישי ריבו, מוטי שטיינמץ, יעקב שוואקי",מוטי שטיינמץ,7,8
"'חסידישקייט' עם ישי ריבו, מוטי שטיינמץ, יעקב שוואקי",יעקב שוואקי,10,11
'לזמר ניגון' – עמירן דביר שר ר' נחמן מברסלב,עמירן דביר,5,6
'פרחי ירושלים' ליצירה של הלל פלאי ''אוחילה לאל'',פרחי ירושלים,1,2
'פרחי ירושלים' ליצירה של הלל פלאי ''אוחילה לאל'',הלל פלאי,6,7
", אהר'לע סאמט & מקהלת מלכות  אלו הם הצדיקים",מקהלת מלכות,4,5
", צבי זילברשטיין ו'שירה' בסינגל חדש - 'תבוא'",צבי זילברשטיין,1,2
- אבי אילסון - הלוואי - קאוור - מקורי,אבי אילסון,1,2
- אבי בן ישראל - ממלכת אביחצירא - מזרחי,אבי בן ישראל,1,3
- אבי מן ואבי מילר ומושמוש - קדושי מירון - חסידי,אבי מן,1,2
- אביתר בנאי - ונסלח -מקורי,אביתר בנאי,1,2
- אהרן רזאל וקובי גרינבוים - מי שאוהב - מקורי,אהרן רזאל,1,2
- אודי דמארי ומנדי גרופי - אני או אתה - מקורי,אודי דמארי,1,2
- אורי דוידי - Jump - אנגלית,אורי דוידי,1,2
- איציק אשל - אשיר לכבוד חברים - מזרחי,איציק אשל,1,2
- איציק דדיה - כיסא המלך - מזרחי,איציק דדיה,1,2
- איציק ויינגרטן - תרקדו - חסידי מקורי,איציק ויינגרטן,1,2
- איציק וינגרטן - התורה והשמחה - חסידי,איציק וינגרטן,1,2
- אלי הרצליך - מחדש את חי - מקורי,אלי הרצליך,1,2
- אלי מרכוס ובערל האניג - מי בן שיח - חסידי,אלי מרכוס,1,2
- אלי קליין - בואי בשלום - חסידי,אלי קליין,1,2
- ארי היל - דעבדין רעותך - חסידי,ארי היל,1,2
- ביני לנדאו - ביני לנדאו על כפיו יביא - אלטרנטיבי,ביני לנדאו,1,2
- ביני לנדאו - ביני לנדאו על כפיו יביא - אלטרנטיבי,ביני לנדאו,4,5
- בני פרידמן - 25000 נרות - אנגלית,בני פרידמן,1,2
- בני פרידמן - ניגון שמחה - פרוייקט צמאה - חסידי,בני פרידמן,1,2
- בני פרידמן ויוסף ניוקומב - מי כעמך ישראל - חסידי,בני פרידמן,1,2
- ברוך לוין - תורה ודעת - הרוב באנגלית,ברוך לוין,1,2
- ברוך שלום - קלי למה עזבתנו - חסידי,ברוך שלום,1,2
- בריו חקשור - רק בסייעתא דשמיא - מקורי,בריו חקשור,1,2
- ברק כהן - תפילתי - מזרחי,ברק כהן,1,2
- גד אלבז - אתה שלום - מזרחי,גד אלבז,1,2
- גיל ישראלוב - נעים לי מאוד - מזרחי,גיל ישראלוב,1,2
- דוד חפצדי - נופל וקם - מזרחי,דוד חפצדי,1,2
- דודי לינקר - אני מאמין - חסידי,דודי לינקר,1,2
- דודי קאליש ומוטי ויזל ויוסי פריד - מים בוכים - חסידי אידיש,דודי קאליש,1,2
- דודי קאליש מוטי קוביץ ומקהלת נשמה - יזכרם - חסידי,דודי קאליש,1,2
- הראל טל - אתה עמדי - מקורי,הראל טל,1,2
- ווקאלי - עובדיה חממה מארח מנין חברים - ארץ ישראל - מקורי,עובדיה חממה,3,4
- חיים ישראל וסגיב כהן - מרים את הראש - מזרחי,חיים ישראל,1,2
- יואלי גרינפלד ומוישי וולס - טאטע - חסידי,יואלי גרינפלד,1,2
- יובל טייב - מחרוזת הבדלה - מזרחי,יובל טייב,1,2
- יוני שלמה - בטח בהשם - חסידי,יוני שלמה,1,2
- יונתן רזאל - אקרא ליופי - מקורי (1),יונתן רזאל,1,2
- יוסי ברגר - אם על הלך טוב - חסידי,יוסי ברגר,1,2
- יעקב שוואקי - יבוא היום - מקורי (1),יעקב שוואקי,1,2
- יעקב שוואקי וליפא שמעלצר - סבא קדישא - חסידי,יעקב שוואקי,1,2
- יצחק מאיר וחברים - מחרוזת ימים נוראים - מקורי,יצחק מאיר,1,2
- מאיר אדלר ושמעון יואל זינגר - חסל סידור פסח - חסידי,מאיר אדלר,1,2
- מאיר אדלר ושמעון יואל זינגר - חסל סידור פסח - חסידי,יואל,4,4
- מוטי ויזל  יענקי היל  מקהלת נשמה - ליבי ובשרי - חסידי,מוטי ויזל,1,2
- מוטי ויזל - לכל אחד ג - בחירות,מוטי ויזל,1,2
- מונה רוזבלום ובעלה מנגן ר ירמיה דמן - והערב נא - חסידי,ירמיה דמן,6,7
- מונה רוזנבלום שלמה כהן ואלי קליין- כדאי - חסידי,מונה רוזנבלום,1,2
- מונה רוזנבלום שלמה כהן ואלי קליין- כדאי - חסידי,שלמה כהן,3,4
- מיכאל שניצלר - א בריוו - חסידי אידיש,מיכאל שניצלר,1,2
- מיכאל שניצלר - אלקא דמאיר ענני -חסידי,מיכאל שניצלר,1,2
- מיכאל שניצלר ומוטי ויזל ובנצי שטיין - אדוני המלך - חסידי,מיכאל שניצלר,1,2
- מלכות מידד טסה ומנדי וייס - שפע רב בכל העולמות - חסידי,מידד טסה,2,3
- מנדי וייס - הוי רץ למשנה - חסידי,מנדי וייס,1,2
- מנחם לוי ויוני שלמה - וידעו כי אתה - חסידי,מנחם לוי,1,2
- מקהלת ידידים ושרוליק מנדלסון וישי לפידות - מחרוזת שירי חנוכה - חסידי,מקהלת ידידים,1,2
- משה דוד וייסמנדל ומוטי ויזל וארי היל ובנצי שטיין ומקהלת נשמה - מאמע - חסידי (Trimmed),משה דוד וייסמנדל,1,3
- משה דוד וייסמנדל ומוטי ויזל וארי היל ובנצי שטיין ומקהלת נשמה - מאמע - חסידי,משה דוד וייסמנדל,1,3
- משה דוויק - תמיד איתי - מזרחי,משה דוויק,1,2
- משה דוויק ואבי בן ישראל - שס המזוזה של המדינה - מזרחי,משה דוויק,1,2
- משה קליין  משה דוויק - ככלות הכל - מזרחי,משה קליין,1,2
- משה קליין  משה דוויק - ככלות הכל - מזרחי,משה דוויק,4,5
- משה קליין - בונה ירושלים - חסידי (2),משה קליין,1,2
- משולם גרינברגר ובנצי קלצקין - אני מאמין - חסידי,משולם גרינברגר,1,2
- נחמן גולדברג - ביחד ננצח - מקורי,נחמן גולדברג,1,2
- ניסים בלאק ויוסף דניאל - Milagros - מקורי אנגלית,ניסים בלאק,1,2
- נמואל הרוש - חלום - מקורי,נמואל הרוש,1,2
- נפתלי קמפה וארי היל - אם תעירו - חסידי,נפתלי קמפה,1,2
- עדי רן - הגואל המשיח - מקורי,עדי רן,1,2
- עובדיה חממה ואהרן רזאל - משרתי האמונה - מקורי,עובדיה חממה,1,2
- פרחי ירושלים - אדון הסליחות - מזרחי,פרחי ירושלים,1,2
- קובי גרינבוים - שכוייח - חסידי,קובי גרינבוים,1,2
- ראובן בקר - והיה זרעך - חסידי,ראובן בקר,1,2
- שוקי סלומון דיויד טויב - שירת הנשמה 2 - מקורי,שוקי סלומון,1,2
- שלומי שבת - הושיעה - מזרחי,שלומי שבת,1,2
- שלמה כהן - והיו עיני וליבי שם - חסידי,שלמה כהן,1,2
- שלמה כץ וניסים בלאק - חיות הנוהמות - מקורי,שלמה כץ,1,2
- שמחה פרידמן - לספר ביציאת מצרים - חסידי,שמחה פרידמן,1,2
- שרגי גשטטנר ויוסי גרין - מחרוזת אב הרחמן - חסידי,שרגי גשטטנר,1,2
- שרולי ברונכר ומאיר גרין - עד מתי - מקורי,שרולי ברונכר,1,2
- שרולי ברונכר נתנאל שראל - אני כאן - לענ הילד יוסף מרדכי זל - מקורי,שרולי ברונכר,1,2
- שרולי גרין - משוגע גוט - מקורי,שרולי גרין,1,2
-אשירה נא-- משה לוק לקראת הילולה דצדיקיא הבבא חאקי - בחזית,משה לוק,2,3
-פורים טראנס-- מושמוש _ אבי מן במחרוזת קצבית - בחזית מדיה,מושמוש,2,2
-פורים טראנס-- מושמוש _ אבי מן במחרוזת קצבית - בחזית מדיה,אבי מן,4,5
01 - אבי בן ישראל - אשת חיל - [Windos.Co],אבי בן ישראל,2,4
01 - פתיחה האסק 22,האסק,3,3
01-יהי החודש-יעקב זינגבוים,יעקב זינגבוים,3,4
02 - מול שלהבת אור עומדת,שלהבת,3,3
"02 אוהד מושקוביץ, יונתן שינפלד - תפילת הבנים",אוהד מושקוביץ,1,2
02 דודי קאליש וארי היל -לב טהור,דודי קאליש,1,2
02 יוסי גרין ולהקת הילדים אידיש נחת בביצוע ווקאלי 'אתה קדוש',יוסי גרין,1,2
02 יוסי גרין ולהקת הילדים אידיש נחת בביצוע ווקאלי 'אתה קדוש',אידיש נחת,5,6
02 ישראל אדלר ומקהלת נרננה בסינגל מרגש תפילות,ישראל אדלר,1,2
02 משיח הקינדרלעך,הקינדרלעך,2,2
02. קולות - דואט עם שלומי שבת,שלומי שבת,6,7
03 הקאפעליע - יוני שלמה,יוני שלמה,3,4
"03 יהודה גרין, שלמה קרליבך ז''ל - עם ישראל",יהודה גרין,1,2
"03 יהודה גרין, שלמה קרליבך ז''ל - עם ישראל",שלמה קרליבך,4,5
"04 - אברימי רוט, דודי הרץ ושלמה כהן - להתענג",דודי הרץ,5,6
"04-05 שושנת יעקב ר' ליפא לויאש, מקהלת שירה עם מקהלת יונגערליך.MP3 (online-audio-converter.com)",מקהלת שירה,10,11
"04-05 שושנת יעקב ר' ליפא לויאש, מקהלת שירה עם מקהלת יונגערליך.MP3 (online-audio-converter.com)",יונגערליך,14,14
04. מלך - מנדי ורדיגר,מנדי ורדיגר,4,5
05 אשירה לד  - עם דוד פרלמן,דוד פרלמן,6,7
05 זכור שניים עשר שבטים  מוטי ויזל ו,מוטי ויזל,6,7
05 לכתחילה אריבער - בערל צוקר,בערל צוקר,4,5
"05-השם מלך-גד, בני אלבז",בני אלבז,5,6
06  כי ישמע  יוני שלמה,יוני שלמה,5,6
06 מאיר דוד פרקש ובנו בסינגל חדש יא אדער ניין ביי אתה חונן,מאיר דוד פרקש,1,3
06-כיצד מרקדין-אחיה רובין,אחיה רובין,3,4
07 - אפרים מנדלסון - מנוחה ושמחה,אפרים מנדלסון,2,3
07 בערי וועבר בסינגל חדש ומקפיץ –  הדרן,בערי וועבר,1,2
07 י-ה אכסוף המאוחד - יצחק מאיר,יצחק מאיר,7,8
07-משמאל ומימין-פרחי השומרון,פרחי השומרון,3,4
07. לכה דודי - שמואל ברונר  גלעד פוטולסקי  שמחה לוינשטיין,שמואל ברונר,5,6
07. לכה דודי - שמואל ברונר  גלעד פוטולסקי  שמחה לוינשטיין,גלעד פוטולסקי,8,9
08 - אודי אולמן - אשת חיל - [Windos.Co],אודי אולמן,2,3
08 - יעקב שוואקי - אמת,יעקב שוואקי,2,3
08 א אידעלע - יענקי דסקל,יענקי דסקל,4,5
08 שלמה שמחה ותמלוך,שלמה שמחה,1,2
09 הרחמן - ישראל ורדיגר,ישראל ורדיגר,3,4
"09 יואלי קליין, שייע גרוס ונותי פוקס בלהיט חדש – פשיסחא ניגון",יואלי קליין,1,2
09 ניגון הקפות - יוני שלמה,יוני שלמה,4,5
10 נחפשה-יוסי ברגר,יוסי ברגר,3,4
11 - בריו חקשור - מה ידידות,בריו חקשור,2,3
11 - יצחק מאיר וחברים - י-ה אכסוף,יצחק מאיר,2,3
12 - טוב להודות- פרחי שלהבת,פרחי שלהבת,4,5
12 מאיר דוד פרקש ובנו שמעון שרים ליקוטי מוהרן,מאיר דוד פרקש,1,3
12-ברוך אתה בעיר-אלי מנדלבאום,אלי מנדלבאום,4,5
13-המלאך-אלי פרידמן,אלי פרידמן,2,3
14-השם העלית-דדי גראוכר,דדי גראוכר,3,4
17 אין עוד מלבדו (דודי קנופלר),דודי קנופלר,5,6
19 - בן סנוף - אשת חיל - [Windos.Co],בן סנוף,2,3
21 - יוסי גרין - מה ידידות,יוסי גרין,2,3
23 - גדעון לוין - אשת חיל - [Windos.Co],גדעון לוין,2,3
26 - יוסף קרדונר - מה ידידות,יוסף קרדונר,2,3
28 - דודו פישר - אשת חיל - [Windos.Co],דודו פישר,2,3
28 - יצחק מאיר וחברים - להתענג,יצחק מאיר,2,3
29 - יצחק מאיר וחברים - מנוחה ושמחה,יצחק מאיר,2,3
39 - יומי לואי - אשת חיל - [Windos.Co],יומי לואי,2,3
39 - משולם גרינברגר - מעין עולם הבא,משולם גרינברגר,2,3
41 - יוני שלמה - אשת חיל - [Windos.Co],יוני שלמה,2,3
55350000 איציק אורלב שי 360 ואלון דה לוקו - שיר למעלות - רמיקס d.j e,איציק אורלב,1,2
59 - שלמה קרליבך - אשת חיל - [Windos.Co],שלמה קרליבך,2,3
63B20000 משה פרץ עם יובל טייב בהופעה חיה בביצוע נדיר תפילה לי,משה פרץ,1,2
63B20000 משה פרץ עם יובל טייב בהופעה חיה בביצוע נדיר תפילה לי,יובל טייב,4,5
7  שבע ארי היל ופיני איינהורן,ארי היל,3,4
Al Naharot Bavel Freilach Band ft. Mordechai Shapiro על נהרות בבל מרדכי שפירא ופריילך.136,מרדכי שפירא,12,13
Baruch Hashem Its Shabbos שלוימי גרטנר ואייבי רוטנברג,שלוימי גרטנר,4,5
Bella Chai.mp3 שמחה ליינר,שמחה ליינר,2,3
HOME שמחה ליינר,שמחה ליינר,1,2
It_s a rebbe_s life בני פרידמן,בני פרידמן,5,6
LIGHT UP THE NIGHT יעקב שוואקי,יעקב שוואקי,4,5
LINKTONE - היוצר צפריר יפרח - ללא מילה II,צפריר יפרח,3,4
Love your fellow Jew ווקאלי שמחה ליינר וברוך לוין,שמחה ליינר,5,6
Micha Gamerman - Yihye B´seder  מיכה גמרמן - יהיה בסדר,מיכה גמרמן,6,7
Milagros.mp3 ניסים בלאק ויוסף דניאל,ניסים בלאק,1,2
Once In A Lifetime ניסים בלאק _ OWN3R,ניסים בלאק,5,6
REBBE TELL ME  פרויקט TYH מנדי וורך,מנדי וורך,6,7
Sruly Green & Yossi Shtendig Production - Second Dance Energy   שרולי גרין,שרולי גרין,11,12
VICTORY ניסים בלאק,ניסים בלאק,1,2
[0]Never Enough.mp3 חיים ציפל,חיים ציפל,3,4
א גוטע נאכט שלומי ברנשטיין,שלומי ברנשטיין,3,4
א-ל בקצפך יוסף נטיב,יוסף נטיב,4,5
אבא אוהב ווקאלי נמואל הרוש ויאיר שובל,נמואל הרוש,3,4
אבא אופיר אלבז,אופיר אלבז,1,2
אבא תרחם הראל טל,הראל טל,2,3
"אבא, סלח לי - דודו אהרון",דודו אהרון,5,6
אבי אילסון - חתן וגם כלה - רמיקס (עמירם בן לולו & ניסו סלוב),אבי אילסון,0,1
אבי בן ישראל - אבי אבי,אבי בן ישראל,0,2
אבי בן ישראל - חיילים בצבאות ה'   וידאו קליפ (2014),אבי בן ישראל,0,2
אבי בן ישראל - רפא נא (קאבר),אבי בן ישראל,0,2
אבי בן ישראל וילד הפלא נהוראי תורג'מן - ואפילו בהסתרה,אבי בן ישראל,0,2
אבי בן ישראל וילד הפלא נהוראי תורג'מן - ואפילו בהסתרה,נהוראי תורג'מן,5,6
אבי בן ישראל מתקשר,אבי בן ישראל,0,2
אבי בן ישראל,אבי בן ישראל,0,2
אבי הס מארח את אהרן רזאל  - יונתי,אהרן רזאל,4,5
אבי לנקרי - גשם גשם מטפטף,אבי לנקרי,0,1
אבי לרנר חותם את השנה בסינגל חדש סגנון קומזיצי ''אשרי האיש'',אבי לרנר,0,1
אבי מילר - רוצים לחזור,אבי מילר,0,1
אבי מן בלהיט חדש ''שיר למעלות'',אבי מן,0,1
אבי פודולינסקי ודיג'יי רועי הרוש  - מחרוזת מה שהיה היה,רועי הרוש,3,4
אבי פודלינסקי אהבת ישראל,אהבת ישראל,2,3
אביגדור רוט - אבינו,אביגדור רוט,0,1
אבינו מלכנו בני פרידמן,בני פרידמן,2,3
אבינו שבשמיים אוהד מושקוביץ _ אבי פרץ,אוהד מושקוביץ,3,4
אבינו שבשמיים אוהד מושקוביץ _ אבי פרץ,אבי פרץ,6,7
אבישי אשל אחינו מתחתן,אבישי אשל,0,1
אבישי אשל ה' אחד - רמיקס,אבישי אשל,0,1
אבישי רוזן מחדש,אבישי רוזן,0,1
אביתר בנאי - אבא (סולו במגדל דוד),אביתר בנאי,0,1
אבל באמת  ווקאלי שלום ברנהולץ,שלום ברנהולץ,4,5
אברהם דוד - מלך חי,אברהם דוד,0,1
אברהם דויטש - תכף יפתח (קאבר אינסטרומנטלי),אברהם דויטש,0,1
אברהם פריד  בוקר טוב רבונו של עולם,אברהם פריד,0,1
אברהם פריד - בוקר טוב רבונו של עולם,אברהם פריד,0,1
"אברהם פריד, חיים ישראל, בנצי שטיין  אל תיפול",אברהם פריד,0,1
"אברהם פריד, חיים ישראל, בנצי שטיין  אל תיפול",חיים ישראל,3,4
"אברהם פריד, חיים ישראל, בנצי שטיין  אל תיפול",בנצי שטיין,6,7
"אברהם פריד, חיים ישראל, בנצי שטיין - אל תיפול",אברהם פריד,0,1
"אברהם פריד, חיים ישראל, בנצי שטיין - אל תיפול",חיים ישראל,3,4
"אברהם פריד, חיים ישראל, בנצי שטיין - אל תיפול",בנצי שטיין,6,7
אברומי וינברג & ירון בר - אבא יקר,ירון בר,3,4
אדון הסליחות פרחי ירושלים,פרחי ירושלים,2,3
אהבת תורה מוטי וייס וארי גולד,מוטי וייס,2,3
אהבתי שרולי ברונכר ודוד אשר,שרולי ברונכר,1,2
"אהר'לע סאמט, יענקי דסקל, מקהלת מלכות",יענקי דסקל,3,4
"אהר'לע סאמט, יענקי דסקל, מקהלת מלכות",מקהלת מלכות,6,7
אהרל'ה סאמעט & מוטי גולדמן - ניגון באיאן,מוטי גולדמן,3,4
"אהרלה סאמט, יואלי קליין _ שייע גרוס, מקהלת מלכות  הקרובים",יואלי קליין,3,4
"אהרלה סאמט, יואלי קליין _ שייע גרוס, מקהלת מלכות  הקרובים",מקהלת מלכות,9,10
אהרלה סאמעט דודי קאליש מחרוזת חבד,דודי קאליש,2,3
"אהרלה סמט, בנצי קלצקין, מלכות  רצה הקבה",בנצי קלצקין,3,4
"אהרלה סמט, בנצי קלצקין, מלכות - רצה הקבה",בנצי קלצקין,3,4
"אהרלה סמט, שלוימי גרטנר  מודה אני",שלוימי גרטנר,3,4
"אהרלה סמט, שלוימי גרטנר - מודה אני",שלוימי גרטנר,3,4
אודי דוידי - ישמח חתני,אודי דוידי,0,1
אודי דמארי - נפשי - ווקאלי,אודי דמארי,0,1
אודי דמארי - תבוא,אודי דמארי,0,1
אודי דמארי _ אברהם פריד - אלוקים שלי,אודי דמארי,0,1
אודי דמארי _ אברהם פריד - אלוקים שלי,אברהם פריד,3,4
אודי דמארי ויצחק מאיר - שפכי כמים ליבך (ווקאלי),אודי דמארי,0,1
אודי דמארי מנדי ג_רופי  אני או אתה,אודי דמארי,0,1
אודי דמארי מנדי ג_רופי - אני או אתה,אודי דמארי,0,1
אודך השם ווקאלי ברוך לוין,ברוך לוין,3,4
אומן ראש השנה חיים מאיר ערפס,חיים מאיר ערפס,3,5
אופיר סלומון - הכל יהיה בסדר,אופיר סלומון,0,1
אופיר סלומון _ ניתאי צרפתי  מה אשיב לך,אופיר סלומון,0,1
אופיר סלומון _ ניתאי צרפתי - מה אשיב לך,אופיר סלומון,0,1
אופיר סלומון ומשה דוויק - ארוממך,אופיר סלומון,0,1
"אופיר סלומון, משה דוויק  ארוממך",אופיר סלומון,0,1
"אופיר סלומון, משה דוויק  ארוממך",משה דוויק,3,4
"אופיר סלומון, משה דוויק - ארוממך",אופיר סלומון,0,1
"אופיר סלומון, משה דוויק - ארוממך",משה דוויק,3,4
אור חדש ישראל גברא,ישראל גברא,2,3
אורי דוידי - בליבי,אורי דוידי,0,1
אורי דוידי - הנה הגאולה (ווקאלי),אורי דוידי,0,1
אחד אל אחד - הלל מאיר ואביחי עוזרי - ריבונו,הלל מאיר,4,5
אחד אל אחד הלל מאיר ואיצלה איזנשטרק בעבור אבותינו Hillel Meir Itzaleh Eisenstark Cover .136,הלל מאיר,3,4
אחד אל אחד הלל מאיר וירוחם גולד נשמה Hillel Meir Yerucham Gold Neshama Cover .135,הלל מאיר,3,4
אחד אל אחד הלל מאיר ונאור אלחדד תפילת השל ה Hillel Meir Naor Elchadad Cover .136,הלל מאיר,3,4
אחותי כלה פרחי ירושלים,פרחי ירושלים,2,3
אחים משה פלד,משה פלד,1,2
אחינו מתחתן רמיקס רישמי אבישי אשל ודי ג_י ניסו סלוב,אבישי אשל,4,5
אחליי משה יעקב בן ארויה,משה יעקב,1,2
אחת שאלתי  דרשו נפתלי קמפה,נפתלי קמפה,4,5
אחת שאלתי יונתן שטרן,יונתן שטרן,2,3
אחת שאלתי ניגוני אלול אברהם דויטש,אברהם דויטש,4,5
"אידיש נחת, מקהלת שירה ותזמורת סבבה סקולען נחת מעדלי",אידיש נחת,0,1
"אידיש נחת, מקהלת שירה ותזמורת סבבה סקולען נחת מעדלי",מקהלת שירה,3,4
אין קצבה- יצחק מאיר מלכות,יצחק מאיר,2,3
איצי וולדנר  אימתי,איצי וולדנר,0,1
איצי וולדנר - אימתי (ווקאלי),איצי וולדנר,0,1
איצי וולדנר - אימתי,איצי וולדנר,0,1
איציק אורלב - בוא תרקוד,איציק אורלב,0,1
איציק אורלב - ברכת המלאכים,איציק אורלב,0,1
איציק אורלב בוא נדליק תאש,איציק אורלב,0,1
איציק אורלב לא נשבר Itzik Orlev Lo Nishbar.135,איציק אורלב,0,1
איציק אורלב עם ישראל חי,איציק אורלב,0,1
איציק אשל מחרוזת פורים,איציק אשל,0,1
איציק דדיה - כיסא המלך,איציק דדיה,0,1
"איציק דדיה, מאט דאב  אנא  רמיקס",איציק דדיה,0,1
"איציק דדיה, מאט דאב - אנא - רמיקס",איציק דדיה,0,1
איציק וינגרטן  שמח תמיד DJ 1399-6-18-22-55,איציק וינגרטן,0,1
איציק וינגרטן - נגינתי,איציק וינגרטן,0,1
איציק וינגרטן - שמח תמיד,איציק וינגרטן,0,1
איציק וינגרטן תרקדו,איציק וינגרטן,0,1
איציק וינגרטן,איציק וינגרטן,0,1
איציק שוורץ סעודה לצדיקים,איציק שוורץ,0,1
איתמר שטיין - ראפורים,איתמר שטיין,0,1
איתן כץ גוט פורים,איתן כץ,0,1
אל בקצפך יוסף נטיב,יוסף נטיב,2,3
אלא בי חנן בן ארי,חנן בן ארי,2,4
אלול - בין קודש לחול  live שולי רנד הופעה,שולי רנד,7,8
אלול יהודה שמעה,יהודה שמעה,1,2
אלוקים נתן לך במתנה אופיר אלבז,אופיר אלבז,4,5
אלי הרצליך  ובכל מדינה,אלי הרצליך,0,1
אלי הרצליך  טועמיה,אלי הרצליך,0,1
אלי הרצליך - ובכל מדינה,אלי הרצליך,0,1
אלי הרצליך - טועמיה,אלי הרצליך,0,1
"אלי וייס, מקהלת קאפלה - המאיר לארץ",אלי וייס,0,1
אלי לאופר - בספר חיים,אלי לאופר,0,1
אלי סלומון  שביר,אלי סלומון,0,1
אלי סלומון - שביר,אלי סלומון,0,1
אלי קליין - אחד מי יודע,אלי קליין,0,1
אלי קליין אחד מי יודע,אלי קליין,0,1
אליה ביתן  משחק מילים,אליה ביתן,0,1
אליה ביתן - משחק מילים,אליה ביתן,0,1
אליהו הנביא - משה לוי  2.39 ש,משה לוי,3,4
אליהו חייט You Have a Choice,אליהו חייט,0,1
"אלימלך ברוינשטיין, מקהלת שירה  רצוננו",מקהלת שירה,3,4
"אלימלך ברוינשטיין, מקהלת שירה - רצוננו",מקהלת שירה,3,4
אליסף חפץ בסינגל חדש ומרגש לכבוד יו''ד שבט ''מתגברים'',אליסף חפץ,0,1
אליקם בוטה - האושר,אליקם בוטה,0,1
אליקם בוטה - מדבר שקר תרחק,אליקם בוטה,0,1
אלעד שער - מחרוזת תימנית נוסטלגית,אלעד שער,0,1
אלעד שער ואיתי עמרן-יהי רצון 2011,אלעד שער,0,1
אם אתה מאמין- משה לוי,משה לוי,3,4
אם תרצו  עמירן דביר שרוליק מנדלסון,עמירן דביר,3,4
אם תרצו - עמירן דביר שרוליק מנדלסון,עמירן דביר,3,4
אם תשיב קובי גרינבוים,קובי גרינבוים,2,3
אמן הרגש מוטי ויזל מרטיט עם היצירה כל נדרי,מוטי ויזל,2,3
אמני ישראל - אני מאמין,אמני ישראל,0,1
אנא עבדא ארז לב ארי ואביעד דרף,ארז לב ארי,2,4
אני לא יודע מוטי וייס,מוטי וייס,3,4
אני לא לבד ר  יואל ראטה,יואל ראטה,5,6
אני לא לבד ר_ יואל ראטה,יואל ראטה,5,6
אני מאמין משה קליין,משה קליין,2,3
אני מאמין דודי לינקר,דודי לינקר,3,4
אני שייך לעם ישי ריבו,ישי ריבו,3,4
"אסף הרוש כתב, הלחין ושר ''אין סוף''",אסף הרוש,0,1
"אסף הרוש, די ג_יי דני לוי  בסוף יהיה טוב (רמיקס)",אסף הרוש,0,1
"אסף הרוש, די ג_יי דני לוי - בסוף יהיה טוב (רמיקס)",אסף הרוש,0,1
אפרים מרקוביץ - והוא יושיעני,אפרים מרקוביץ,0,1
"אפרים מרקוביץ, מקהלת מלכות, ארהלע סמט, מנדי וייס, יואלי דוידוביץ, אברימי מושקוביץ  חתונה  Malchus",אפרים מרקוביץ,0,1
"אפרים מרקוביץ, מקהלת מלכות, ארהלע סמט, מנדי וייס, יואלי דוידוביץ, אברימי מושקוביץ  חתונה  Malchus",מקהלת מלכות,3,4
"אפרים מרקוביץ, מקהלת מלכות, ארהלע סמט, מנדי וייס, יואלי דוידוביץ, אברימי מושקוביץ  חתונה  Malchus",מנדי וייס,9,10
"אפרים מרקוביץ, מקהלת מלכות, ארהלע סמט, מנדי וייס, יואלי דוידוביץ, אברימי מושקוביץ  חתונה  Malchus",יואלי דוידוביץ,12,13
"אפרים מרקוביץ, מקהלת מלכות, ארהלע סמט, מנדי וייס, יואלי דוידוביץ, אברימי מושקוביץ - חתונה - Malchus",אפרים מרקוביץ,0,1
"אפרים מרקוביץ, מקהלת מלכות, ארהלע סמט, מנדי וייס, יואלי דוידוביץ, אברימי מושקוביץ - חתונה - Malchus",מקהלת מלכות,3,4
"אפרים מרקוביץ, מקהלת מלכות, ארהלע סמט, מנדי וייס, יואלי דוידוביץ, אברימי מושקוביץ - חתונה - Malchus",מנדי וייס,9,10
"אפרים מרקוביץ, מקהלת מלכות, ארהלע סמט, מנדי וייס, יואלי דוידוביץ, אברימי מושקוביץ - חתונה - Malchus",יואלי דוידוביץ,12,13
אקרא ליופי יונתן רזאל,יונתן רזאל,2,3
ארז יחיאל  זה הזמן לסלוח  גרסת רדיו,ארז יחיאל,0,1
ארז יחיאל - זה הזמן לסלוח - גרסת רדיו,ארז יחיאל,0,1
ארז יחיאל - רק תחייך,ארז יחיאל,0,1
ארי גולד  ימים טובים,ארי גולד,0,1
ארי גולד - ימים טובים,ארי גולד,0,1
ארי היל  איכא בשוקא,ארי היל,0,1
ארי היל - איכא בשוקא,ארי היל,0,1
ארי רייך -נכספה,ארי רייך,0,1
אריאל זילבר  מזמור לתודה,אריאל זילבר,0,1
אריאל זילבר - מזמור לתודה,אריאל זילבר,0,1
אריאל זילבר - שיר הפרנויה,אריאל זילבר,0,1
אריה קרלינסקי - הכל ניסים,אריה קרלינסקי,0,1
ארמונו של מלך רמיקס ביני לנדאו ודי ג_י ניר טולדנו,ביני לנדאו,4,5
אשירה נא משה לוק לקראת הילולה דצדיקיא הבבא חאקי  בחזית,משה לוק,2,3
אשריך בנצי שטיין ומקהלת נשמה,בנצי שטיין,1,2
אתה בחרתנו בנצי קלצקין ומקהלת ידידים,בנצי קלצקין,2,3
אתה השם שלמה כהן,שלמה כהן,2,3
אתה עמדי אורי דוידי,אורי דוידי,2,3
אתה עמדי הראל טל,הראל טל,2,3
אתה שלום גד אלבז,גד אלבז,2,3
בוא לפה  ווקאלי שמחה פרידמן ויונתן שטרן,שמחה פרידמן,4,5
בונה ירושלים משה קליין,משה קליין,2,3
בורא רפואות יוסף ניוקומב ויוסי האכט ומשה אביגדור,יוסף ניוקומב,2,3
בטח בה'- יוני שלמה,יוני שלמה,2,3
בין קודש לחול יונתן שטרן Mp3,יונתן שטרן,3,4
ביצוע משיריו האחרונים של ר  בן ציון שנקר זל,בן ציון שנקר,6,8
בית ספר למוסיקה 2020 🎵 הדואט המצמרר של זוהר זכרוב וחיים ציפל,בית ספר למוסיקה,0,2
בכל יום שיבוא- בדואט עם עמירן דביר,עמירן דביר,5,6
בלבבי  דרשו מוטי שטיינמץ ומקהלת מלכות,מוטי שטיינמץ,3,4
בן סנוף-אם אשכחך ירושלים1,בן סנוף,0,1
בני ברק אהרן רזאל הלדפה,אהרן רזאל,2,3
"בני לאופר, שלומי וילמן & ירון בר - תודה לך השם 1",בני לאופר,0,1
"בני לאופר, שלומי וילמן & ירון בר - תודה לך השם 1",שלומי וילמן,3,4
"בני לאופר, שלומי וילמן & ירון בר - תודה לך השם 1",ירון בר,6,7
בני פרידמן  It_s a Rebbe_s Life,בני פרידמן,0,1
בני פרידמן - It_s a Rebbe_s Life,בני פרידמן,0,1
בני פרידמן - ימה LIVE,בני פרידמן,0,1
בני פרידמן - ימה LIVE,בני פרידמן,0,1
בני פרידמן צבי זילברשטיין  פותח,בני פרידמן,0,1
בני פרידמן צבי זילברשטיין  פותח,צבי זילברשטיין,2,3
בנימין ישראל  - אוהב את החיים,בנימין ישראל,0,1
בנימין ישראל - אוהב את החיים,בנימין ישראל,0,1
בנימין ישראל - מפתח לאושר,בנימין ישראל,0,1
בנצי קלצקין - מיינע תפילין (קאבר),בנצי קלצקין,0,1
"בנצי קלצקין, מלכות, חסידימלעך - ברכת המזון",בנצי קלצקין,0,1
"בנצי קלצקין, מקהלת מלכות. חסידימלעך  מיינע תפילין",בנצי קלצקין,0,1
"בנצי קלצקין, מקהלת מלכות. חסידימלעך  מיינע תפילין",מקהלת מלכות,3,4
"בנצי קלצקין, מקהלת מלכות. חסידימלעך - מיינע תפילין",בנצי קלצקין,0,1
"בנצי קלצקין, מקהלת מלכות. חסידימלעך - מיינע תפילין",מקהלת מלכות,3,4
בנצי שטיין - חתונת הקורונה,בנצי שטיין,0,1
"בנצי שטיין, ישיבת ברקאי  אל תיפול",בנצי שטיין,0,1
"בנצי שטיין, ישיבת ברקאי - אל תיפול",בנצי שטיין,0,1
בעבור אבותינו - קומזינג תשפא,קומזינג,3,3
בערי וובר ברוך לוין מרדכי שפירא בני פרידמן  Many Voices One Song‏,ברוך לוין,2,3
בערי וובר ברוך לוין מרדכי שפירא בני פרידמן  Many Voices One Song‏,מרדכי שפירא,4,5
בערי וובר ברוך לוין מרדכי שפירא בני פרידמן  Many Voices One Song‏,בני פרידמן,6,7
בערי וובר ברוך לוין מרדכי שפירא בני פרידמן - Many Voices One Song‏,ברוך לוין,2,3
בערי וובר ברוך לוין מרדכי שפירא בני פרידמן - Many Voices One Song‏,מרדכי שפירא,4,5
בערי וובר ברוך לוין מרדכי שפירא בני פרידמן - Many Voices One Song‏,בני פרידמן,6,7
"בערי וועבער, זאנוויל ויינברגר, בנצי קלצקין, מקהלת מלכות  ציון וירושלים",זאנוויל ויינברגר,3,4
"בערי וועבער, זאנוויל ויינברגר, בנצי קלצקין, מקהלת מלכות  ציון וירושלים",בנצי קלצקין,6,7
"בערי וועבער, זאנוויל ויינברגר, בנצי קלצקין, מקהלת מלכות  ציון וירושלים",מקהלת מלכות,9,10
"בערי וועבער, זאנוויל ויינברגר, בנצי קלצקין, מקהלת מלכות - ציון וירושלים",זאנוויל ויינברגר,3,4
"בערי וועבער, זאנוויל ויינברגר, בנצי קלצקין, מקהלת מלכות - ציון וירושלים",בנצי קלצקין,6,7
"בערי וועבער, זאנוויל ויינברגר, בנצי קלצקין, מקהלת מלכות - ציון וירושלים",מקהלת מלכות,9,10
בצאת ישראל  גור מקהלת ידידים העולמית,מקהלת ידידים,4,5
בצורת  live אברהם פריד ואביב גפן,אברהם פריד,3,4
בר יוחאי  רמיקס רשמי איציק אשל _ ניסו סלוב,איציק אשל,6,7
בר יוחאי שמעון וקנין _ מנדי ג_רופי _ אבישי אשל _ משה דוויק _ ארז יחיאל _ שמעון סיבוני _ דוד שירו _ אלירן אלבז,אבישי אשל,9,10
בר יוחאי שמעון וקנין _ מנדי ג_רופי _ אבישי אשל _ משה דוויק _ ארז יחיאל _ שמעון סיבוני _ דוד שירו _ אלירן אלבז,משה דוויק,12,13
בר יוחאי שמעון וקנין _ מנדי ג_רופי _ אבישי אשל _ משה דוויק _ ארז יחיאל _ שמעון סיבוני _ דוד שירו _ אלירן אלבז,ארז יחיאל,15,16
בר יוחאי שמעון וקנין _ מנדי ג_רופי _ אבישי אשל _ משה דוויק _ ארז יחיאל _ שמעון סיבוני _ דוד שירו _ אלירן אלבז,דוד שירו,21,22
בר מצוה אברהם חיים גרין (מבוסס על עלה קטן שלי),אברהם חיים גרין,2,4
ברודער_ס מקהלת מלכות ומענדי וויס ואיציק איזנשטט,מקהלת מלכות,1,2
ברוך לוין - אודך השם (ווקאלי),ברוך לוין,0,1
ברוך לוין ושמחה ליינר - תאהב את אחיך (ווקאלי),ברוך לוין,0,1
בריו חקשור - ירידה לצורך עליה,בריו חקשור,0,1
ברכת כהנים בריו חקשור,בריו חקשור,2,3
ברן יחד יוני גנוט _ אהוד בנאי,יוני גנוט,3,4
ברן יחד יוני גנוט _ אהוד בנאי,אהוד בנאי,6,7
ברק כהן - הדרך שלי,ברק כהן,0,1
ברק כהן - לב אחד גדול,ברק כהן,0,1
ברק כהן - תפילתי,ברק כהן,0,1
ברק כהן לב אחד גדול Barak Cohen Lev Echad Gadol One Big Heart.135,ברק כהן,0,1
בשמחה תמיד מוטי וייס ושמוליק שנידלר,מוטי וייס,2,3
גבי אהרון והיא שעמדה,גבי אהרון,0,1
גד אלבז  הללו,גד אלבז,0,1
גד אלבז - הללו,גד אלבז,0,1
גדעון לוין בביצוע רשמי למנע מגיפה,גדעון לוין,0,1
גיל ישראלוב - ויהי נועם (לייב),גיל ישראלוב,0,1
גיל ישראלוב בסינגל חדש באווירת חודש אלול ואני בחסדך,גיל ישראלוב,0,1
גלעד שליט עמיר בניון,עמיר בניון,2,3
גם זה יעבור אבי קראוס,אבי קראוס,3,4
גם ציפור מוטי ויזל ושרולי קלצקין ומקהלת מלכות,מוטי ויזל,2,3
גרוב סגול תן לזה לזרום,גרוב סגול,0,1
גרש את העצבות  ישיבת בית שמעיה ארי היל ויואלי קליין,ארי היל,7,8
גשם שלמה כהן,שלמה כהן,1,2
גשר מאיר מסוארי,מאיר מסוארי,1,2
דאווענען - דובי מייזעלס & שלום בראדט,שלום בראדט,5,6
דוד בן ארזה - תכלת ולבן - משדרים תרבות עם יעקב מתן ואלי שטרן,דוד בן ארזה,0,2
דוד בן ארזה אביב בפתח,דוד בן ארזה,0,2
"דוד ברגר, מקהלת שירה  ברוך הוא אלוקינו",מקהלת שירה,3,4
"דוד ברגר, מקהלת שירה  זכרתי",מקהלת שירה,3,4
"דוד ברגר, מקהלת שירה  ניגון אהבה רבה",מקהלת שירה,3,4
"דוד ברגר, מקהלת שירה - ברוך הוא אלוקינו",מקהלת שירה,3,4
"דוד ברגר, מקהלת שירה - זכרתי",מקהלת שירה,3,4
"דוד ברגר, מקהלת שירה - ניגון אהבה רבה",מקהלת שירה,3,4
דוד גבאי - בורא עולם,דוד גבאי,0,1
דוד גבאי - נעשה ונשמע,דוד גבאי,0,1
דוד גבאי בורא עולם,דוד גבאי,0,1
דוד המלך  ווקאלי אודי דמארי ואורי דמארי,אודי דמארי,4,5
דוד חזיזה ואבי פרץ ב''שיר החופה'',דוד חזיזה,0,1
דוד חפצדי - אשא עיניי,דוד חפצדי,0,1
דוד חפצדי - מחרוזת כורדית,דוד חפצדי,0,1
דוד פרלמן - שירה שבלב,דוד פרלמן,0,1
דוד פרלמן - תמשיך לחייך - Dovid Pearlman - Keep Smiling,דוד פרלמן,0,1
דוד שמחה - עוד ישמע,דוד שמחה,0,1
דוד שפירא אמא שלי,דוד שפירא,0,1
דוד שפירא-זה הבית שלי,דוד שפירא,0,1
דודו אהרון - הנה היא נכנסת - הקליפ הרשמי!,דודו אהרון,0,1
דודו דרעי  מחרוזת  החתנים של ישראל,דודו דרעי,0,1
דודו דרעי - מחרוזת  החתנים של ישראל,דודו דרעי,0,1
דודי הרשקופ ומקהלת נרננה בביצוע מיוחד,דודי הרשקופ,0,1
דוידי נחשון - כל צמא לכו למים,דוידי נחשון,0,1
"דוידי נחשון, מנחם פרנקל צמאה לך נפשי",דוידי נחשון,0,1
דורש נא דורשיך – יצחק מאיר בסינגל אלולי,יצחק מאיר,4,5
"די ג'יי ניר טולדנו, נתנאל ישראל - הולך איתך (רמיקס)",נתנאל ישראל,5,6
די הארץ פון א מאמע  live אברהם פריד,אברהם פריד,7,8
דיג'יי אור מויאל - עלינו לשבח REMIX,אור מויאל,1,2
"דייויד טויב, גיל ישראלוב  רק תודה",דייויד טויב,0,1
"דייויד טויב, גיל ישראלוב  רק תודה",גיל ישראלוב,3,4
"דייויד טויב, גיל ישראלוב - רק תודה",דייויד טויב,0,1
"דייויד טויב, גיל ישראלוב - רק תודה",גיל ישראלוב,3,4
דני פלגון  אימתי,דני פלגון,0,1
דני פלגון - אימתי,דני פלגון,0,1
דניאל אדמון - אחד שכבר היה פה,דניאל אדמון,0,1
דף חדש נהוראי אריאלי,נהוראי אריאלי,2,3
דרוש נא אוהד מושקוביץ,אוהד מושקוביץ,2,3
הבט-עוזיה צדוק,עוזיה צדוק,2,3
הביאני המלך נמואל הרוש,נמואל הרוש,2,3
הוא ייטיב שימי רבינוביץ,שימי רבינוביץ,2,3
הודו לה מוטי שטיינמץ,מוטי שטיינמץ,2,3
הושיעה את עמך  רמיקס שלומי שבת _ די ג_י ניר טולדנו,שלומי שבת,6,7
הושיענו דודי קאליש ומקהלת נרננה ומקהלת זינגערליך,דודי קאליש,1,2
החזיקו עצמכם יחד מוטי וייס _ יחיאל ברוין _ מוטי גולדמן _ עדי רן _ הראל טל _ ארז יחיאל _ משה לוי _ איתי בראל _ אסי לבובסקי,מוטי וייס,3,4
החזיקו עצמכם יחד מוטי וייס _ יחיאל ברוין _ מוטי גולדמן _ עדי רן _ הראל טל _ ארז יחיאל _ משה לוי _ איתי בראל _ אסי לבובסקי,מוטי גולדמן,9,10
החזיקו עצמכם יחד מוטי וייס _ יחיאל ברוין _ מוטי גולדמן _ עדי רן _ הראל טל _ ארז יחיאל _ משה לוי _ איתי בראל _ אסי לבובסקי,עדי רן,12,13
החזיקו עצמכם יחד מוטי וייס _ יחיאל ברוין _ מוטי גולדמן _ עדי רן _ הראל טל _ ארז יחיאל _ משה לוי _ איתי בראל _ אסי לבובסקי,הראל טל,15,16
החזיקו עצמכם יחד מוטי וייס _ יחיאל ברוין _ מוטי גולדמן _ עדי רן _ הראל טל _ ארז יחיאל _ משה לוי _ איתי בראל _ אסי לבובסקי,ארז יחיאל,18,19
החזיקו עצמכם יחד מוטי וייס _ יחיאל ברוין _ מוטי גולדמן _ עדי רן _ הראל טל _ ארז יחיאל _ משה לוי _ איתי בראל _ אסי לבובסקי,משה לוי,21,22
החזירנו חיים ישכיל,חיים ישכיל,1,2
היום הרת עולם לוי פלקוביץ ואפרים מרקוביץ,לוי פלקוביץ,3,4
היום הרת עולם מקהלת זמרה,מקהלת זמרה,3,4
היטן שבת שלומי ברנשטיין,שלומי ברנשטיין,2,3
הילדים הללו ישי לפידות והחברים של ישי,ישי לפידות,2,3
הכל כאן מוטי וייס,מוטי וייס,2,3
הכל משמים רמיקס קאבר מקהלת משאלות,מקהלת משאלות,4,5
הכל עובר אבי מילר,אבי מילר,2,3
הלוואי אבי אילסון,אבי אילסון,2,3
הלל מאיר & אביחי עוזרי - ריבונו,הלל מאיר,0,1
הלל מאיר וירוחם גולד מחדשים את נשמה של גלעד פוטולסקי,הלל מאיר,0,1
הלל מאיר וירוחם גולד מחדשים את נשמה של גלעד פוטולסקי,גלעד פוטולסקי,8,9
המגיד קובי גרינבוים,קובי גרינבוים,1,2
המלחין האגדי נח פלאי בשיר ''ישוב הדעת'',נח פלאי,2,3
המלך בערי וועבר,בערי וועבר,1,2
המסכה שלך זאבי קאופמן,זאבי קאופמן,2,3
המתנה הפילהרמונית של רובי בנט לישיבת מיר,רובי בנט,3,4
הנה הגאולה ווקאלי אורי דוידי,אורי דוידי,3,4
הנני דייויד טויב עמירן ואריק דביר גיל ישראלוב,דייויד טויב,1,2
הנני דייויד טויב עמירן ואריק דביר גיל ישראלוב,גיל ישראלוב,6,7
הקהל את העם  הופ קוזאק  צמאה אברהם פריד,אברהם פריד,8,9
הקהל שמחה פרידמן,שמחה פרידמן,1,2
הראל טל  נפוגותי,הראל טל,0,1
הראל טל - נפוגותי,הראל טל,0,1
"הראל סקעת, זוהר זכרוב גיבור של אמא",הראל סקעת,0,1
השבעתי שמעון מלכובסקי,שמעון מלכובסקי,1,2
התו השמיני של יוסי גרין בביצוע מחודש,יוסי גרין,3,4
התורה והשמחה איציק וינגרטן,איציק וינגרטן,3,4
ואז יהיה יותר טוב קובי ברומר,קובי ברומר,4,5
ואת עלית על כולנה ברוך לוין,ברוך לוין,4,5
והנה השם עם יענקי דסקל,יענקי דסקל,3,4
והריקותי לכם ברכה מוטי ויזל,מוטי ויזל,3,4
ויברכוני שרוליק רוזנטל,שרוליק רוזנטל,1,2
וידעו כי אתה מנחם לוי ויוני שלמה,מנחם לוי,3,4
וכולם מקבלים קובי אוז _ אהרון רזאל _ יונתן רזאל _ אלירן מאזוז _ עזרא גטנו _ מקהלת ישיבת מקור חיים,יונתן רזאל,9,10
ונהפוך-מנדי ורדיגר,מנדי ורדיגר,2,3
ונסלח אביתר בנאי,אביתר בנאי,1,2
וקבצינו דודי קנפלר,דודי קנפלר,1,2
ושבו בנים לגבולם  live יעקב שוואקי,יעקב שוואקי,6,7
ושמרו-אלי הרצליך ועדי רן,אלי הרצליך,2,3
זאנוויל ויינברגר במחרוזת משירי ר' משה יחזקי’ ווייס,זאנוויל ויינברגר,0,1
"זאנוויל ויינברגר, דודי קאליש, מקהלת נרננה, יענקי לנדאו ותזמורתו - מזמור לתודה (לייב)",זאנוויל ויינברגר,0,1
"זאנוויל ויינברגר, דודי קאליש, מקהלת נרננה, יענקי לנדאו ותזמורתו - מזמור לתודה (לייב)",דודי קאליש,3,4
"זאנוויל ויינברגר, דודי קאליש, מקהלת נרננה, יענקי לנדאו ותזמורתו - מזמור לתודה (לייב)",מקהלת נרננה,6,7
"זאנוויל ויינברגר, ישראל אדלר, פנחס ביכלר, מקהלת מלכות - מחרוזת תורה פרק קי_ט - Copy",זאנוויל ויינברגר,0,1
"זאנוויל ויינברגר, ישראל אדלר, פנחס ביכלר, מקהלת מלכות - מחרוזת תורה פרק קי_ט - Copy",ישראל אדלר,3,4
"זאנוויל ויינברגר, ישראל אדלר, פנחס ביכלר, מקהלת מלכות - מחרוזת תורה פרק קי_ט - Copy",מקהלת מלכות,9,10
"זאנוויל ויינברגר, ישראל אדלר, פנחס ביכלר, מקהלת מלכות - מחרוזת תורה פרק קי_ט",זאנוויל ויינברגר,0,1
"זאנוויל ויינברגר, ישראל אדלר, פנחס ביכלר, מקהלת מלכות - מחרוזת תורה פרק קי_ט",ישראל אדלר,3,4
"זאנוויל ויינברגר, ישראל אדלר, פנחס ביכלר, מקהלת מלכות - מחרוזת תורה פרק קי_ט",מקהלת מלכות,9,10
"זאנוויל ויינברגר, מקהלת שירה  בקולות וברקים",זאנוויל ויינברגר,0,1
"זאנוויל ויינברגר, מקהלת שירה  בקולות וברקים",מקהלת שירה,3,4
"זאנוויל ויינברגר, מקהלת שירה - בקולות וברקים",זאנוויל ויינברגר,0,1
"זאנוויל ויינברגר, מקהלת שירה - בקולות וברקים",מקהלת שירה,3,4
"זאנוויל ויינברגר, מקהלת שירה, מונה רוזנבלום  בקולות וברקים",זאנוויל ויינברגר,0,1
"זאנוויל ויינברגר, מקהלת שירה, מונה רוזנבלום  בקולות וברקים",מקהלת שירה,3,4
"זאנוויל ויינברגר, מקהלת שירה, מונה רוזנבלום  בקולות וברקים",מונה רוזנבלום,6,7
"זאנוויל ויינברגר, מקהלת שירה, מונה רוזנבלום - בקולות וברקים",זאנוויל ויינברגר,0,1
"זאנוויל ויינברגר, מקהלת שירה, מונה רוזנבלום - בקולות וברקים",מקהלת שירה,3,4
"זאנוויל ויינברגר, מקהלת שירה, מונה רוזנבלום - בקולות וברקים",מונה רוזנבלום,6,7
זה האמונה נפתלי בלומנטל,נפתלי בלומנטל,3,4
זה הזמן  רמיקס איציק אורלב ודי ג י יוסי מימון,איציק אורלב,4,5
זה הזמן  רמיקס איציק אורלב ודי ג_י יוסי מימון,איציק אורלב,4,5
זה הקטן שמילי אונגר וברוך לוין,שמילי אונגר,2,3
זה יום גדול חיים ישראל ודודו אהרון,חיים ישראל,3,4
חביב אלבי  רמיקס יניב בן משיח די גי_ יוסי אזולאי,יוסי אזולאי,10,11
חביבי אליקים בוטה,אליקים בוטה,1,2
חופה מוטי ויזל ולייבי מושקוביץ ומקהלת מלכות,מוטי ויזל,1,2
חיים בר - אבא מכל הלב 2011,חיים בר,0,1
חיים בר - גם השנה,חיים בר,0,1
חיים בר - והלב,חיים בר,0,1
חיים בר - יש בורא לעולם,חיים בר,0,1
חיים בר צלילי העבר בטעם של פעם,חיים בר,0,1
חיים בר שמים כחולים,חיים בר,0,1
חיים בר-והוא אחד,חיים בר,0,1
חיים בר-מודה מהנשמה,חיים בר,0,1
חיים גולד - א ב ג ד (A Ba Ga Da),חיים גולד,0,1
חיים טובים - מאיר רוזנברג,מאיר רוזנברג,3,4
חיים ישראל  - השם מלך (רמיקס - יגאל לוי),חיים ישראל,0,1
חיים ישראל - אתה שמציל,חיים ישראל,0,1
חלפה שנה איתי עמרן,איתי עמרן,2,3
חלק אלוקה ממעל יוסף ניוקומב וארי היל,יוסף ניוקומב,3,4
חלקת אלוקים (מתוך פרויקט יעלה ויבוא) יונתן רזאל,יונתן רזאל,9,10
חמול ירון בר,ירון בר,1,2
חנן בן ארי  חולם כמו יוסף Hanan Ben Ari1080 HD,חנן בן ארי,0,2
חנן בן ארי - חולם כמו יוסף Hanan Ben Ari1080 HD,חנן בן ארי,0,2
חסדו אליהו חייט,אליהו חייט,2,3
טוהר נהוראי אריאלי,נהוראי אריאלי,1,2
טל גור - וחג שבועות תעשה לך,טל גור,0,1
טל ועקנין עלה,טל ועקנין,0,1
טראק הלהיטים של איתי די ג_י נדב ביטון,נדב ביטון,6,7
טרקלין של גאולה  רמיקס  נועם רמתי,נועם רמתי,6,7
טרקלין של גאולה - רמיקס - נועם רמתי,נועם רמתי,6,7
יבוא היום יעקב שוואקי,יעקב שוואקי,2,3
יבוא היום רמיקס יעקב שוואקי ו די גי_ גבי,יעקב שוואקי,3,4
יבנה המקדש (הרב שלמה קרליבך),שלמה קרליבך,4,5
יבשה שלי איציק דדיה ואיצי וולדנר,איציק דדיה,2,3
יהורם גאון - אדרבה,יהורם גאון,0,1
יהורם גאון - ארץ ארץ,יהורם גאון,0,1
יהורם גאון - בלדה לחובש,יהורם גאון,0,1
יהורם גאון - בפרדס ליד השוקת,יהורם גאון,0,1
יהורם גאון - המלחמה האחרונה,יהורם גאון,0,1
יהורם גאון ברחובינו הצר על כפיו יביא 2007 מעלה דודי פט,יהורם גאון,0,1
יהי רצון אליהו לייפער ואיתמר שטיין,אליהו לייפער,2,3
יואל - אל תעזוב אותי,יואל,0,0
יואלי וייס - נשימה,יואלי וייס,0,1
יואלי קליין & ארי רייך - אין עוד מלבדו,יואלי קליין,0,1
יואלי קליין & ארי רייך - אין עוד מלבדו,ארי רייך,3,4
יובל טייב - אין עוד מלבדו,יובל טייב,0,1
יובל טייב - בן אדם,יובל טייב,0,1
יובל טייב - מה אני בלעדיך,יובל טייב,0,1
יובל טייב - נחמוני,יובל טייב,0,1
יובל טייב מה אני בלעדיך.135,יובל טייב,0,1
יובל טייב-עם אחד 2010 [upo.co.il],יובל טייב,0,1
יום אחד בני פרידמן _ מקהלת קולות מן השמיים,בני פרידמן,3,4
יוני גנוט - וטהר ליבנו,יוני גנוט,0,1
יוני שלמה  בטח בהשם,יוני שלמה,0,1
יוני שלמה - אנעים זמירות,יוני שלמה,0,1
יוני שלמה - בטח בהשם,יוני שלמה,0,1
יוני שלמה - געזונט,יוני שלמה,0,1
יוני שלמה - הרנינו,יוני שלמה,0,1
יוני שלמה - והכל טוב,יוני שלמה,0,1
יוני שלמה - מארש,יוני שלמה,0,1
יוני שלמה - ניגון להתוועדות שמח,יוני שלמה,0,1
יוני שלמה - ניגון לשבת ויום טוב,יוני שלמה,0,1
יוני שלמה - עזרני קל חי,יוני שלמה,0,1
יוני שלמה - על משמרתי,יוני שלמה,0,1
יוני שלמה - רבונו של עולם,יוני שלמה,0,1
יוני שלמה - שאמיל,יוני שלמה,0,1
יוני שלמה בסינגל חדש – געזונט,יוני שלמה,0,1
יוני שלמה הכול טוב,יוני שלמה,0,1
יוני שלמה על משמרתי,יוני שלמה,0,1
יונתן שטרן - אבא (ווקאלי),יונתן שטרן,0,1
יונתן שטרן - לזכות את ישראל (ווקאלי),יונתן שטרן,0,1
יוסי ברגר  אם על המלך,יוסי ברגר,0,1
יוסי ברגר - אם על המלך,יוסי ברגר,0,1
יוסי ברגר - הקשיבו כולכם,יוסי ברגר,0,1
יוסי גרין _ שרגי גשטטנר - מה אשיב להשם,יוסי גרין,0,1
יוסי גרין _ שרגי גשטטנר - מה אשיב להשם,שרגי גשטטנר,3,4
יוסף נטיב - אני היהלום,יוסף נטיב,0,1
יוסף נטיב - סבא היקר,יוסף נטיב,0,1
יוסף נטיב - רבות מחשבות,יוסף נטיב,0,1
"יוסף נטיב, ישי ריבו - בשלב הבא",יוסף נטיב,0,1
"יוסף נטיב, ישי ריבו - בשלב הבא",ישי ריבו,3,4
יוסף קרדונר - רחל מבכה,יוסף קרדונר,0,1
יחיד גאה-שמוליק לוטרמן,שמוליק לוטרמן,3,4
ימים יותר טובים אבישי אשל ונהוראי בן שימול,אבישי אשל,3,4
יעלה ויבוא יהודה גרין,יהודה גרין,2,3
יענקי דסקל - יענקלס' ניגון,יענקי דסקל,0,1
יענקי דסקל - רחמנא,יענקי דסקל,0,1
יענקי דסקל ומקהלת נרננה - חייב איניש,יענקי דסקל,0,1
יענקי דסקל כדאי הוא ר' שמעון,יענקי דסקל,0,1
יענקי ושלומי דסקל & מקהלת נרננה - איך שמעק,מקהלת נרננה,4,5
יעקב ויוסף בן שבת - עוף גוזל - בית ספר למוסיקה 2 ♫,בית ספר למוסיקה,8,10
יעקב יאנג בקאבר ללהיט ''והיא שעמדה'' של שוואקי,יעקב יאנג,0,1
"יעקב יוסף שטארק, מקהלת לב  והאר עינינו",מקהלת לב,4,5
"יעקב יוסף שטארק, מקהלת לב - והאר עינינו",מקהלת לב,4,5
יעקב קליין _ אלי סקייסט - ובנה אותה,יעקב קליין,0,1
"יעקב שלמה גראס, בנצי קלצקין, מקהלת מלכות - קבלת התורה - ווקאלי",בנצי קלצקין,4,5
"יעקב שלמה גראס, בנצי קלצקין, מקהלת מלכות - קבלת התורה - ווקאלי",מקהלת מלכות,7,8
יצחק מאיר - דרוש נא,יצחק מאיר,0,1
יצחק מאיר - ידיד נפש,יצחק מאיר,0,1
יצחק מאיר - ישמחו,יצחק מאיר,0,1
יצחק מאיר - שובה,יצחק מאיר,0,1
יצחק מאיר אלהא די ליה קליפ מילים מתוך פרויקט אמנים מחדש.134,יצחק מאיר,0,1
יצחק מאיר בביצוע חדש ללחן העתיק ''מזמור שיר'',יצחק מאיר,0,1
יצחק מאיר הלפגוט ומוטי קאליש בסליחות מכניסי רחמים,יצחק מאיר,0,1
יצחק מאיר ודוד בן ארזה  מזמור לתודה,יצחק מאיר,0,1
יצחק מאיר ודוד בן ארזה - מזמור לתודה,יצחק מאיר,0,1
יצחק מאיר והרב הלל פלאי - למחר,יצחק מאיר,0,1
יצחק מאיר והרב הלל פלאי - למחר,הלל פלאי,3,4
יצחק מאיר וסגיב כהן ברא לי ים של אהבה,יצחק מאיר,0,1
"יצחק מאיר, אברהם בלטי  ניגון התבוננות",יצחק מאיר,0,1
"יצחק מאיר, אברהם בלטי - ניגון התבוננות",יצחק מאיר,0,1
"יצחק מאיר, הרב הלל פלאי  למחר",יצחק מאיר,0,1
"יצחק מאיר, הרב הלל פלאי  למחר",הלל פלאי,4,5
"יצחק מאיר, הרב הלל פלאי - למחר",יצחק מאיר,0,1
"יצחק מאיר, הרב הלל פלאי - למחר",הלל פלאי,4,5
ירא שמיים  רמיקס שמילי אונגר,שמילי אונגר,5,6
ירא שמים שרוליק רייזמן וחברים,שרוליק רייזמן,2,3
ירון בר  קדושת פורים,ירון בר,0,1
ירון בר - חמול,ירון בר,0,1
ירון בר - ימים של שקט,ירון בר,0,1
ירון בר - קדושת פורים,ירון בר,0,1
ירון-בר-שלהבת-הנשמה,שלהבת,4,4
יש מסיבה - רמיקס איציק אורלב,איציק אורלב,4,5
ישי לפידות וחיים ולדר  מסוגלים,ישי לפידות,0,1
ישי לפידות וחיים ולדר - מסוגלים,ישי לפידות,0,1
ישי ריבו  סיבת הסיבות,ישי ריבו,0,1
ישי ריבו - סיבת הסיבות,ישי ריבו,0,1
ישי ריבו סיבת הסיבות רימיקס,ישי ריבו,0,1
"ישי ריבו, עמיר בניון, אמיר דדון",ישי ריבו,0,1
"ישי ריבו, עמיר בניון, אמיר דדון",עמיר בניון,3,4
"ישי ריבו, עמיר בניון, אמיר דדון",אמיר דדון,6,7
ישי שלר  ישיבת גאון יעקב,ישי שלר,0,1
ישי שלר - ישיבת גאון יעקב,ישי שלר,0,1
ישיבה בויס - מזמור שיר,ישיבה בויס,0,1
ישראל מאיר פרידברג - והאר עיננו (ווקאלי),ישראל מאיר פרידברג,0,2
ישראל צוברי במחרוזת שרים ל''אמא'',ישראל צוברי,0,1
כדאי מונה רוזנבלום _ שלמה כהן _ אלי קליין,מונה רוזנבלום,2,3
כדאי מונה רוזנבלום _ שלמה כהן _ אלי קליין,שלמה כהן,5,6
כדאי מונה רוזנבלום _ שלמה כהן _ אלי קליין,אלי קליין,8,9
כולם אהובים  החתונה של שמחהלה מוטי ויזל ומנדי גולדברג ובנצי קלצקין ומקהלת מלכות וחסידימלעך,מוטי ויזל,6,7
כל בוקר מחדש   משה לוי,משה לוי,4,5
כל האור בעולם מיכה גמרמן,מיכה גמרמן,3,4
כל השירים   משה לוי,משה לוי,3,4
כל חלום גיא קהלני,גיא קהלני,2,3
כל מה שעושה ה' I ראובן בקר Kol Ma Sheose Hashem I Reuven Bekcer,ראובן בקר,6,7
כמו שאתה שרולי ברונכר ואלעזר,שרולי ברונכר,2,3
כסא רחמים מנחם מושקוביץ,מנחם מושקוביץ,2,3
לא לבד אייל טוויטו,אייל טוויטו,2,3
לב טהור שלומי ברנשטיין,לב טהור,0,1
לב טהור שלומי ברנשטיין,שלומי ברנשטיין,3,4
לבקר בהיכלו  קולעוילם ישראל סוסנה,ישראל סוסנה,4,5
להודות ולהלל שמוליק גפנר,שמוליק גפנר,2,3
להיות דוד בן ארזה,דוד בן ארזה,1,3
להיות שלם משה קליין,משה קליין,2,3
לויבען עוזי בודנר,עוזי בודנר,1,2
לולא שלמה כץ,שלמה כץ,1,2
לזכות את ישראל ווקאלי יונתן שטרן,יונתן שטרן,4,5
לחי עולמים  קאבר  ווקאלי מאיר בן דרור וסהר חלוצי,מאיר בן דרור,6,8
ליבי יצחק מאיר ולוי פלקוביץ,יצחק מאיר,1,2
"לייבי מושקוביץ, הרשי רוטנברג, מקהלת זמרו  אני מאמין",הרשי רוטנברג,3,4
"לייבי מושקוביץ, הרשי רוטנברג, מקהלת זמרו - אני מאמין",הרשי רוטנברג,3,4
ליפא שמעלצר ומיכאל שניצלער - עולמות,ליפא שמעלצר,0,1
לכבוד התנא האלוקי מייקי מוקטון _ נחמן צוקר,מייקי מוקטון,4,5
למאי נפקא מינה,נפקא מינה,1,2
למנצח לידותון- משה לוי  5.40 א.ש,משה לוי,2,3
לנצח כל מכשול חיים ציפל,חיים ציפל,3,4
לראות את עצמו שלומי ברנשטיין,שלומי ברנשטיין,3,4
לשוב הביתה  אנגלית ישי ריבו והאחים סלומון,ישי ריבו,4,5
"מאיר גולדשטיין, שמעון דוידוביץ, אהר_לע סאמעט, אברימי בלטי, מקהלת מלכות  כהיום הזה",מקהלת מלכות,12,13
"מאיר גולדשטיין, שמעון דוידוביץ, אהר_לע סאמעט, אברימי בלטי, מקהלת מלכות - כהיום הזה",מקהלת מלכות,12,13
מאיר גפני - השיר והשבח,מאיר גפני,0,1
מאיר גפני בשיר געגועים מרטיט ''יש בידינו'',מאיר גפני,0,1
מאיר ישראל מגיש סינגל חדש בשם ''אלוף'',מאיר ישראל,0,1
מאיר רוזנברג שהלחין את ״בן פיגא״ עם להיט חדש ״איה״,מאיר רוזנברג,0,1
מארש לכה דודי מקהלת שירה ושייע קלר,מקהלת שירה,3,4
מה אברך אופיר אלבז,אופיר אלבז,2,3
מה אשיב לך  קאבר אופיר סלומון _ ניתאי צרפתי,אופיר סלומון,6,7
מה אשיב לך  רמיקס אופיר סלומון _ ניתאי צרפתי _ די ג_י אור מויאל,אופיר סלומון,6,7
מה אשיב לך  רמיקס אופיר סלומון _ ניתאי צרפתי _ די ג_י אור מויאל,אור מויאל,14,15
מה טובו אוהליך משה קליין,משה קליין,3,4
מודה אני עומר אדם קאבר באידיש דוד שוורץ Modeh Ani Duvid Schwarcz.136,דוד שוורץ,6,7
מודים זאנוויל ויינברגר ומקהלת מלכות ותזמורת פול שמחה,זאנוויל ויינברגר,1,2
מוטי אילוביץ_    אנדערש,מוטי אילוביץ,0,1
מוטי אילוביץ_  -  אנדערש,מוטי אילוביץ,0,1
מוטי גולדמן - ומניח בקדושה,מוטי גולדמן,0,1
מוטי גולדמן מחדש את הלהיט של ליפא - ''בדרך'',מוטי גולדמן,0,1
"מוטי גולדמן, מקהלת מלכות  אחת שאלתי",מוטי גולדמן,0,1
"מוטי גולדמן, מקהלת מלכות  אחת שאלתי",מקהלת מלכות,3,4
"מוטי גולדמן, מקהלת מלכות - אחת שאלתי",מוטי גולדמן,0,1
"מוטי גולדמן, מקהלת מלכות - אחת שאלתי",מקהלת מלכות,3,4
מוטי ויזל מבצע את השיר הישן של מ.ב.ד ''קדוש'',מוטי ויזל,0,1
מוטי ויזל מקהלת נשמה דודי לינקר מלוך Motty Vizel Neshama Choir Dudi Linker Meloch.135,מוטי ויזל,0,1
מוטי ויזל מקהלת נשמה דודי לינקר מלוך Motty Vizel Neshama Choir Dudi Linker Meloch.135,דודי לינקר,4,5
מוטי ויזל תהום,מוטי ויזל,0,1
"מוטי ויזל, אהרלה סמט, מנדי וייס, מקלהת מלכות  אבות על בנים",מוטי ויזל,0,1
"מוטי ויזל, אהרלה סמט, מנדי וייס, מקלהת מלכות  אבות על בנים",מנדי וייס,6,7
"מוטי ויזל, אהרלה סמט, מנדי וייס, מקלהת מלכות - אבות על בנים",מוטי ויזל,0,1
"מוטי ויזל, אהרלה סמט, מנדי וייס, מקלהת מלכות - אבות על בנים",מנדי וייס,6,7
"מוטי ויזל, עוזיאל דייטש  והאר עינינו (פיטסבורג)",מוטי ויזל,0,1
"מוטי ויזל, עוזיאל דייטש - והאר עינינו (פיטסבורג)",מוטי ויזל,0,1
מוטי ויזל,מוטי ויזל,0,1
מוטי וייס - שירו לו,מוטי וייס,0,1
מוטי וייס חי רמיקס (dj אהרון קופמן),מוטי וייס,0,1
מוטי וייס מחשבות טובות,מוטי וייס,0,1
מוטי מונק - יושב ליד זכרון משה,מוטי מונק,0,1
מוטי מונק בסינגל חדש,מוטי מונק,0,1
מוטי שטיינמץ  קלי אתה,מוטי שטיינמץ,0,1
מוטי שטיינמץ - קלי אתה,מוטי שטיינמץ,0,1
מוטי שטיינמץ-אשריך נער ישראל_ Motty Steinmetz-Ashrecho Naar Yisroel,מוטי שטיינמץ,0,1
מוישי שוורץ יוסי לקס  ירא שמים,מוישי שוורץ,0,1
מוישי שוורץ יוסי לקס - ירא שמים,מוישי שוורץ,0,1
מזומנים אברימי גולדשטיין ומקהלת ידידים,אברימי גולדשטיין,1,2
מזמור לתודה דודי קאליש וזאנוויל ויינברגר ויענקי לנדאו ומקהלת נרננה,דודי קאליש,2,3
מזמור שיר  יחדיו ירננו נפתלי קמפה,נפתלי קמפה,5,6
מחרוזת אנרגיה אלי אטיאס,אלי אטיאס,2,3
מחרוזת המועבט אמיר אליהו,אמיר אליהו,2,3
מחרוזת חנוכה  live אבי אילסון,אבי אילסון,4,5
מחרוזת חנוכה רפאל מלול,רפאל מלול,2,3
מחרוזת חתונה יואלי פישר _ מוטי אילוביץ _ בנצי וברמן _ ששכר גוטמן _ ישראל ורדיגר _ מנחם מושקוביץ _ מקהלת שירה,מוטי אילוביץ,5,6
מחרוזת חתונה יואלי פישר _ מוטי אילוביץ _ בנצי וברמן _ ששכר גוטמן _ ישראל ורדיגר _ מנחם מושקוביץ _ מקהלת שירה,ישראל ורדיגר,14,15
מחרוזת חתונה יואלי פישר _ מוטי אילוביץ _ בנצי וברמן _ ששכר גוטמן _ ישראל ורדיגר _ מנחם מושקוביץ _ מקהלת שירה,מנחם מושקוביץ,17,18
מחרוזת חתונה יואלי פישר _ מוטי אילוביץ _ בנצי וברמן _ ששכר גוטמן _ ישראל ורדיגר _ מנחם מושקוביץ _ מקהלת שירה,מקהלת שירה,20,21
מחרוזת ימים נוראים יצחק מאיר ואברימי רוט ודוד בן ארזה ויענקי ברוין ודביר שנרב ואביאל סולטן,יצחק מאיר,3,4
מחרוזת ירושלים שלומי גרטנר וארי היל ותזמורת המנגנים  live,המנגנים,7,7
מחרוזת לכבוד שבת עומר ביטון,עומר ביטון,3,4
מחרוזת מוכרחים להמשיך לנגן פרחי ירושלים,פרחי ירושלים,4,5
מחרוזת ניגונים ישי ריבו אברומי ברקו,ישי ריבו,2,3
מחרוזת סוכות איחוד הלהקות  מרדכי יצהר ואהללה ומזמור שיר ושיר חדש ונשמחה והניגון שבלב,מרדכי יצהר,5,6
מחרוזת סליחות בקהילת בני מלכים בנצי שטיין ומקהלת נשמה ויענקי לנדאו,בנצי שטיין,5,6
מחרוזת סליחות ישי מאיר,ישי מאיר,2,3
מחרוזת פורים אברהם דויטש,אברהם דויטש,2,3
מחרוזת פסח מצה מוזיקה גרשי אורי ומקהלת מנגן ומיילך הלפרין,גרשי אורי,4,5
מחרוזת צמאה אברהם פריד וחיים ישראל  live,אברהם פריד,2,3
מחרוזת צמאה בני פרידמן,בני פרידמן,2,3
מחרוזת ריקודים שמואל אונגאר ושלומי דאסקל ולוי פלקוביץ ומקהלת שירה ומקהלת המזמרים,המזמרים,11,11
מחרוזת שירי חנן בן ארי בני פרידמן ושלום למר ואיציק דדיה ומקהלת ידידים ותזמורת פריילך,חנן בן ארי,2,4
מחרוזת שירי חנן בן ארי בני פרידמן ושלום למר ואיציק דדיה ומקהלת ידידים ותזמורת פריילך,בני פרידמן,5,6
מחרוזת שירי מוטי וייס שלומי דסקל ומקהלת שירה ופריילאך,מוטי וייס,2,3
מחרוזת שירי פסח  חסידי נחמן פילמר,נחמן פילמר,5,6
מחרוזת שירים אביעד גיל,אביעד גיל,2,3
מחרוזת שמחה אנרגטית איתמר שטיין ואליהו לייפער,איתמר שטיין,3,4
מחרוזת שרולי גרין,שרולי גרין,1,2
מי באש ומי במים ישראל נחמן,ישראל נחמן,4,5
מי שאמר יוסף ניוקומב,יוסף ניוקומב,2,3
מיין טייערע לעכטעלע נחמן כהן,נחמן כהן,3,4
מיכאל שטרייכר - אין ערוך (לייב),מיכאל שטרייכר,0,1
מיכאל שטרייכר - מעלה מטה,מיכאל שטרייכר,0,1
מיקס שרולי ברונכר DJ FM,שרולי ברונכר,1,2
מכניסי רחמים - יצחק מאיר,יצחק מאיר,3,4
מלוך  קאבר - רמיקס די ג_י יהודה מור,יהודה מור,7,8
מלוך ישי ריבו,ישי ריבו,1,2
ממך אליך עמנואל שולמן,עמנואל שולמן,2,3
מנדי וורך - גוט שבת,מנדי וורך,0,1
"מנדי וייס, מקהלת מלכות  ברודער_ס",מנדי וייס,0,1
"מנדי וייס, מקהלת מלכות  ברודער_ס",מקהלת מלכות,3,4
"מנדי וייס, מקהלת מלכות - ברודער_ס",מנדי וייס,0,1
"מנדי וייס, מקהלת מלכות - ברודער_ס",מקהלת מלכות,3,4
"מנדי וייס, שלומי מאיר  כבוד לתורה",מנדי וייס,0,1
"מנדי וייס, שלומי מאיר - כבוד לתורה",מנדי וייס,0,1
"מנחם לוי, יוני שלמה - וידעו כי אתה",מנחם לוי,0,1
"מנחם לוי, יוני שלמה - וידעו כי אתה",יוני שלמה,3,4
מני דיסקינד שר חיים בנט ''והיא שעמדה'',חיים בנט,3,4
מסע חיי אליה והב,אליה והב,2,3
מעוז צור  ברסלב יוסף נטיב,יוסף נטיב,4,5
מעוז צור בנצי קלצקין ומוטי ויזל,בנצי קלצקין,2,3
מעלת ריבוי הלימוד יוסי גרין,יוסי גרין,3,4
מצה אין אויוון  ציור בחול מיכאל שניצלר,מיכאל שניצלר,6,7
מקהלת ידידים - טעמו וראו,מקהלת ידידים,0,1
"מקהלת ידידים, מקהלת שיר ושבח  אשירה להשם",מקהלת ידידים,0,1
"מקהלת ידידים, מקהלת שיר ושבח - אשירה להשם",מקהלת ידידים,0,1
מקהלת יונגערליך יוצאת לדרך עם אלבום בכורה - דוגמה,יונגערליך,1,1
מקהלת משאלות  מחרוזת פורים,מקהלת משאלות,0,1
מקהלת משאלות - מחרוזת פורים,מקהלת משאלות,0,1
מקהלת נשמה מגישה יבוא המלך ארי היל משה דוד וויסמנדל,ארי היל,5,6
מקהלת שירה  לחיים,מקהלת שירה,0,1
מקהלת שירה - לחיים,מקהלת שירה,0,1
מקום בלב נתנאל ישראל,נתנאל ישראל,2,3
מקום לחלום אבי אילסון,אבי אילסון,2,3
מרדכי רוט & יובל סלע - אל תוותר,מרדכי רוט,0,1
מרדכי שפירא ובני פרידמן - לחי עולמים (רמיקס מאט דאב),מרדכי שפירא,0,1
מרחבים יוני גנוט ויגל הרוש,יוני גנוט,1,2
"מריו חקשור, שחר - נחכה לך (קאבר)",מריו חקשור,0,1
מרים את הראש חיים ישראל וסגיב כהן,חיים ישראל,3,4
משה דוד וייסמנדל בביצוע חדשני ל'ניגון גור' המפורסם,משה דוד וייסמנדל,0,2
"משה דוד וייסמנדל, מקהלת נשמה, יענקי לנדאו  הכנה לקבלת התורה",משה דוד וייסמנדל,0,2
"משה דוד וייסמנדל, מקהלת נשמה, יענקי לנדאו - הכנה לקבלת התורה",משה דוד וייסמנדל,0,2
משה דוויק  כי אשמרה שבת,משה דוויק,0,1
משה דוויק - כי אשמרה שבת,משה דוויק,0,1
משה פלד אותו היום,משה פלד,0,1
משה פרץ ו אחרי ככלות הכל,משה פרץ,0,1
משה קליין - עוד לא מאוחר,משה קליין,0,1
משה קליין - עוד לא מאוחר,משה קליין,0,1
"משה קליין, דוד ביתן ותזמורתו - מחרוזת להיטים",משה קליין,0,1
משוך קובי גרינבוים,קובי גרינבוים,1,2
נהוראי אריאלי & ליאור פוקס אמא,נהוראי אריאלי,0,1
נהוראי אריאלי - דף חדש,נהוראי אריאלי,0,1
נהוראי אריאלי אתה קדוש,נהוראי אריאלי,0,1
"נהוראי אריאלי, אבי פודלינסקי - מודה אני (אקוסטי)",נהוראי אריאלי,0,1
נח פלאי - התחזקות,נח פלאי,0,1
נחמה כזו לייב דוד בן ארזה,דוד בן ארזה,3,5
נחמו ווקאלי דוד פרלמן,דוד פרלמן,2,3
נחמן גולדברג  ביחד ננצח,נחמן גולדברג,0,1
נחמן גולדברג - ביחד ננצח,נחמן גולדברג,0,1
נחמן כהן ויואלי גולדמן בקאבר חדש 'קדש ורחץ',נחמן כהן,0,1
נחפשה-יוסי ברגר,יוסי ברגר,2,3
ניגון גור משה דוד וייסמנדל,משה דוד וייסמנדל,2,4
ניגון התבוננות יצחק מאיר,יצחק מאיר,2,3
ניגון קובליץ- יוני שלמה ועמי כהן,יוני שלמה,2,3
ניגון קווה אל השם אודי דמארי והינוקא,אודי דמארי,4,5
ניגון שמחה  צמאה בני פרידמן,בני פרידמן,4,5
ניצוץ_יהודי משה קליין,משה קליין,1,2
נמואל הרוש & יאיר שובל בדואט מרענן ''אבא אוהב'',נמואל הרוש,0,1
נמואל הרוש - הביאני המלך,נמואל הרוש,0,1
נמואל הרוש - ותיק ביצוע נדיר! חובה צפייה צבעים הפקות,נמואל הרוש,0,1
נמואל הרוש - חלום (לייב) הידברות,נמואל הרוש,0,1
נמואל הרוש אלוקי,נמואל הרוש,0,1
נמואל הרוש בביצוע מיוחד לשיר רפאני,נמואל הרוש,0,1
נמואל הרוש ואתה אמרת,נמואל הרוש,0,1
נמואל הרוש ודני אבידני אשרינו,נמואל הרוש,0,1
"נמואל הרוש, אלאור ולנר - ותיק",נמואל הרוש,0,1
"נמואל הרוש, דוד איכלביץ - ישתבח שמך (לייב)",נמואל הרוש,0,1
"נמואל הרוש, חיים ישראל  זיו הקודש",נמואל הרוש,0,1
"נמואל הרוש, חיים ישראל  זיו הקודש",חיים ישראל,3,4
"נמואל הרוש, חיים ישראל - זיו הקודש",נמואל הרוש,0,1
"נמואל הרוש, חיים ישראל - זיו הקודש",חיים ישראל,3,4
נעלה ונראה לוי פלקוביץ ויענקי דסקל ומענדי ווייס ובנצי קלצקין ושמוליק ויינריך ומקהלת מלכות,לוי פלקוביץ,2,3
נפתלי קמפה  גרש את העצבות (לייב),נפתלי קמפה,0,1
נפתלי קמפה - גרש את העצבות (לייב),נפתלי קמפה,0,1
"נפתלי קמפה, בני הישיבות  מקום בגן עדן",נפתלי קמפה,0,1
"נפתלי קמפה, בני הישיבות - מקום בגן עדן",נפתלי קמפה,0,1
נקדישך- משה לוי  5.43 ש,משה לוי,1,2
נריה אנג'ל & שרולי ברונכר - קוראים לרבנו,נריה אנג'ל,0,1
נריה אנג'ל & שרולי ברונכר - קוראים לרבנו,שרולי ברונכר,3,4
נריה אנג'ל - הטוב הטוב (רמיקס),נריה אנג'ל,0,1
נריה אנג'ל - זעקת בניך (Prod.By Sruli),נריה אנג'ל,0,1
סופות איציק דדיה,איציק דדיה,1,2
סט הלהקות נחמן פילמר,נחמן פילמר,2,3
סט ווקאלי 2023 נחמן פילמר,נחמן פילמר,3,4
סט ווקאלי חסידי תשפ_ג נחמן פילמר,נחמן פילמר,4,5
סט ווקאלי יונתן שטרן,יונתן שטרן,2,3
סט ל''ג בעומר מזרחי - תשע''ט - נחמן פילמר,נחמן פילמר,7,8
סט להיטים מזרחי דתי 2021 די ג_י אור מויאל,אור מויאל,8,9
סט להיטים מזרחי דתי קיץ 2021 די ג_י אור מויאל,אור מויאל,9,10
סט להיטים קיץ 2021 נחמן פילמר,נחמן פילמר,4,5
סט שמחה פורצת גבולות 8 נחמן פילמר,נחמן פילמר,5,6
סיבת הסיבות  אינסטרומנטלי ישראל סוסנה _ דור אסרף,ישראל סוסנה,5,6
סיבת הסיבות  קאבר  אינסטרומנטלי דוידי נחשון,דוידי נחשון,7,8
סיבת הסיבות  קאבר - אינסטרומנטלי דוידי נחשון,דוידי נחשון,7,8
סיבת הסיבות ישי ריבו _ די ג_י אהרון קופמן,ישי ריבו,3,4
סינגל חדש לזמר אבי בן ישראל – ה' מלך,אבי בן ישראל,3,5
סיני מעודה פותח את 'זמן אלול' עם סינגל חדש – יצחק אלחנן,סיני מעודה,0,1
עבודת השמחה הלל מאיר,הלל מאיר,2,3
עד מתי קובי גרינבוים,קובי גרינבוים,2,3
עובדיה חממה & יהושע לימוני האוצר,עובדיה חממה,0,1
עובדיה חממה & יהושע לימוני האוצר,יהושע לימוני,3,4
עובדיה חממה - החפץ חיים,עובדיה חממה,0,1
עובדיה חממה אנא בכח,עובדיה חממה,0,1
עובדיה חממה הבלדה לשריד האחרון,עובדיה חממה,0,1
עוזי בודנר - מעין עולם הבא,עוזי בודנר,0,1
עוזיה צדוק  צל עץ תמר בית ספר למוסיקה עונה 3,עוזיה צדוק,0,1
עוזיה צדוק  צל עץ תמר בית ספר למוסיקה עונה 3,בית ספר למוסיקה,6,8
עוזיה צדוק ואברהם דהאן ילדות נשכחת בית ספר למוסיקה עונה 3 (1),עוזיה צדוק,0,1
עוזיה צדוק ואברהם דהאן ילדות נשכחת בית ספר למוסיקה עונה 3 (1),בית ספר למוסיקה,6,8
עוזיה צדוק ועמית ברנר מה חשוב היום בית ספר למוסיקה עונה 3 (1),עוזיה צדוק,0,1
עוזיה צדוק ועמית ברנר מה חשוב היום בית ספר למוסיקה עונה 3 (1),בית ספר למוסיקה,7,9
עוזיה צדוק סוד המזלות בית ספר למוסיקה עונה 3,עוזיה צדוק,0,1
עוזיה צדוק סוד המזלות בית ספר למוסיקה עונה 3,בית ספר למוסיקה,4,6
עוזיה צדוק – יא מאמא בית ספר למוסיקה עונה 3,עוזיה צדוק,0,1
עוזיה צדוק – יא מאמא בית ספר למוסיקה עונה 3,בית ספר למוסיקה,5,7
עולו (הגרסה החסידית) אהרון רזאל _ מקהלת ידידים העולמית,מקהלת ידידים,9,10
עומר אדם & משה פרץ & רותם כהן יש,משה פרץ,3,4
עילי אבידני - מאמין,עילי אבידני,0,1
עין הסערה להקת המדרגות,להקת המדרגות,2,3
עיקר לימוד האדם  דרשו זאנוויל ויינברגר ובנצי קלצקין,זאנוויל ויינברגר,5,6
עכשיו מתבהר ראובן יזדיאן,ראובן יזדיאן,2,3
עכשיו שמח יוסף חיים ביטון,יוסף חיים ביטון,2,4
על אבא לא שואלים שאלות  ווקאלי מוטי וייס,מוטי וייס,7,8
על אלה (לזכר הרוגי מירון) לוזי קלצקו _ פיני שכטר,פיני שכטר,11,12
על אלה אני בוכיה (לזכר הרוגי מירון) פרחי ירושלים,פרחי ירושלים,10,11
על כפיו יביא  קאבר ביני לנדאו,ביני לנדאו,6,7
עם אחד  רמיקס ארי גולדוואג ו די ג_י ינון מרדכי,ינון מרדכי,9,10
עם ישראל חי - איציק אורלב,איציק אורלב,4,5
עמיר בניון - נאסף תשרי,עמיר בניון,0,1
עמיר בניון - עומד בשער,עמיר בניון,0,1
עמיר בניון שהשלום שלו מתוך פרויקט צמאה 5.135,עמיר בניון,0,1
"עמיר בניון, שולי רנד ועקיבא - רואים רחוק רואים שקוף",עמיר בניון,0,1
"עמיר בניון, שולי רנד ועקיבא - רואים רחוק רואים שקוף",שולי רנד,3,4
עמית ברנר   שווים בית ספר למוסיקה עונה 3,בית ספר למוסיקה,4,6
עמית ליסטוונד - יש אמונה - רמיקס,עמית ליסטוונד,0,1
עמנואל שולמן - יומם וליל,עמנואל שולמן,0,1
עקיבא געלב & זלמן לייב פרידמן - נחמו עמי,עקיבא געלב,0,1
עקיבא געלב ו חזקי שווארץ Dance it,עקיבא געלב,0,1
"עקיבא תורג'מן, עמיר בניון & שולי רנד - רואים רחוק רואים שקוף",עמיר בניון,3,4
"עקיבא תורג'מן, עמיר בניון & שולי רנד - רואים רחוק רואים שקוף",שולי רנד,6,7
עשה למענך מיכאל אזולאי שמחה פרידמן,מיכאל אזולאי,2,3
עשה למענך מיכאל אזולאי שמחה פרידמן,שמחה פרידמן,4,5
פדה בשלום  צמאה יוסף קרדונר,יוסף קרדונר,4,5
פדם היום זאנוויל ויינברגר,זאנוויל ויינברגר,2,3
פורים דאנס דוידי נחשון,דוידי נחשון,2,3
פורים טראנס מושמוש _ אבי מן במחרוזת קצבית  בחזית מדיה,מושמוש,2,2
פורים טראנס מושמוש _ אבי מן במחרוזת קצבית  בחזית מדיה,אבי מן,4,5
פסח מיקס שרולי גרין ודי ג_י פאברעגן,שרולי גרין,2,3
פסח עם מלודי  מחרוזת פסח שמחה פרידמן ונתנאל ישראל ותזמורת מלודי,שמחה פרידמן,6,7
פרויקט ציצית עוזי בודנר,עוזי בודנר,2,3
פרחי ירושלים  הַיְדֶּה בִּיבִּי דיינו,פרחי ירושלים,0,1
פרחי ירושלים - הַיְדֶּה בִּיבִּי דיינו,פרחי ירושלים,0,1
צבי גרינהיים מחדש את היצירה ''צדיק השם'',צבי גרינהיים,0,1
קבלת שבת יואל אלהרר,יואל אלהרר,2,3
קדוש  דרשו מוטי ויזל,מוטי ויזל,3,4
קדש  קאבר נחמן כהן ויואלי גולדמן,נחמן כהן,3,4
קדש את שמך אייזיק האניג ומקהלת שירה,אייזיק האניג,3,4
קדש ורחץ יואלי דיקמן וחיים מאיר פליגמן ומקהלת שיר ושבח,יואלי דיקמן,2,3
קובי ברומר  השם ישמור,קובי ברומר,0,1
קובי ברומר - השם ישמור,קובי ברומר,0,1
קובי ברומר - פארויס,קובי ברומר,0,1
קובי גרינבוים - ויקבץ,קובי גרינבוים,0,1
קובי פרץ ותודה על הכל,קובי פרץ,0,1
קול דודי קובי ברומר,קובי ברומר,2,3
קול חתן פייבל גרינבערג,פייבל גרינבערג,2,3
קטנות שבקטנות מוטי וייס,מוטי וייס,2,3
קער מיך צוריק מוטי אטיאס,מוטי אטיאס,3,4
קצת ממך  ווקאלי עדי גביסון,עדי גביסון,4,5
ר לוי יצחק  פרויקט TYH שרולי גרין,שרולי גרין,6,7
ר' חיים בנט בלחן חדש ''מי יתן מציון'' לכבוד החתונה בסערט ויז'ניץ,חיים בנט,2,3
ר' יואל ראטה - שיר הקורונה #4,יואל ראטה,2,3
ר' יואל ראטה - שיר הקורונה #5,יואל ראטה,2,3
ר' יואל ראטה - שיר הקורונה #6,יואל ראטה,2,3
ראובן בקר - והיה זרעך,ראובן בקר,0,1
ראובן בקר - כל מה שעושה ה',ראובן בקר,0,1
רבי נחמן מאומן רמיקס די ג_י יהודה מור,יהודה מור,6,7
רבי-מאיר רוזנברג,מאיר רוזנברג,2,3
רגע לפני לילה משה פלד,משה פלד,3,4
רימיקס לשיר של ישי ריבו לשוב הביתה,ישי ריבו,3,4
רפאל מלול - דאגה מניין,רפאל מלול,0,1
רפואה שלימה אריאל זילבר וחיים דבש ופרחי ירושלים,אריאל זילבר,2,3
רק אהבה חיים ישראל ודודי בר דוד,חיים ישראל,2,3
רק אמונתי איציק דדיה,איציק דדיה,2,3
רקתה (רק אתה) מיכה גמרמן,מיכה גמרמן,5,6
שאאאא שטיל בנצי קלצקין ומקהלת מלכות ומקהלת שבח,בנצי קלצקין,2,3
שבורי לב  קאבר שמואל הררי,שמואל הררי,4,5
שבורי לב  קאבר אבי מן,אבי מן,5,6
שבע שבתות תמימות תהיינה יואל פאלקאוויטש,יואל,5,5
שבת אויף די נאכט אליהו לייפער _ איתמר שטיין,אליהו לייפער,5,6
שבת אויף די נאכט אליהו לייפער _ איתמר שטיין,איתמר שטיין,8,9
שהחיינו קובי גרינבוים,קובי גרינבוים,1,2
שובו אלי שמוליק קליין,שמוליק קליין,2,3
שושנת-מנדי ורדיגר,מנדי ורדיגר,2,3
שטר התנאים אברהם פריד  live,אברהם פריד,2,3
שיטה הקדושה יואלי קליין ושייע גרוס,יואלי קליין,2,3
שימי יונייב ותזמורתו מארחים את כוכבי הזמר החסידי,שימי יונייב,0,1
שימי רבינוביץ מבצע את הלחן של אביו ''אודה השם'',שימי רבינוביץ,0,1
שיר געגועים לרחל מענדל ראטה,מענדל ראטה,3,4
שיר הבר מצווה דרור יצחק מלמד,דרור יצחק מלמד,4,6
שיר הפתק נחמן לייפר,נחמן לייפר,2,3
שיר השירים שלומי ברנשטיין,שלומי ברנשטיין,2,3
שיר ושבחה-אלי לאופר,אלי לאופר,3,4
שיר מזמור לדוד עמירן דביר,עמירן דביר,3,4
שירה חדשה,שירה חדשה,0,1
שירה עמי דוד בן ארזה ואביאל סולטן,דוד בן ארזה,2,4
שירי ימים נוראים של מרדכי בן דוד,מרדכי בן דוד,4,6
שכוייח  קובי גרינבוים,קובי גרינבוים,2,3
שכוייח - קובי גרינבוים,קובי גרינבוים,2,3
שלהבת אש,שלהבת,0,0
שלום ברנהולץ  הנה לפניך,שלום ברנהולץ,0,1
שלום ברנהולץ - הנה לפניך,שלום ברנהולץ,0,1
שלום ברנהולץ - מלאכי השלום,שלום ברנהולץ,0,1
"שלום למר, אלי שוובל  זה אנחנו",אלי שוובל,3,4
"שלום למר, אלי שוובל - זה אנחנו",אלי שוובל,3,4
"שלום למר, מקהלת שירה  אמר רבי יוחנן",מקהלת שירה,3,4
"שלום למר, מקהלת שירה - אמר רבי יוחנן",מקהלת שירה,3,4
שלום קוראים לי עולם עמירן דביר מילים ולחן שמואל יונה h T5D1Nctyo,עמירן דביר,4,5
שלום קוראים לי עולם עמירן דביר מילים ולחן שמואל יונה h T5D1Nctyo,שמואל יונה,8,9
שלומי קאופמן בסינגל שני חדש ''הנס שלי'',שלומי קאופמן,0,1
שלומי קצנלבוגן _ עמירן דביר קרוב,עמירן דביר,3,4
שלומי שבת - אבא,שלומי שבת,0,1
שלומי שבת ושוקי סלומון בסינגל חדש ''שיר הרפואה'',שלומי שבת,0,1
שלי היום אסף הרוש,אסף הרוש,2,3
שליסל יואל בנימין וייס ושיר שבח,יואל,1,1
שלמה כץ - אש קודש,שלמה כץ,0,1
שלמה כץ עם אבוא אל המלך,שלמה כץ,0,1
שלמה שמחה - עושה שלום,שלמה שמחה,0,1
שמואל הררי ותיק,שמואל הררי,0,1
שמואל הררי ילדי,שמואל הררי,0,1
שמואל יונה זה רק הלב שלי,שמואל יונה,0,1
שמוליק לונגר יואלי קליין מאיר ל מיין קינד Shmulik Lunger Yoeli Klein.135,יואלי קליין,2,3
שמוליק קליין בהומור יהודי טהור ''יעמוד'',שמוליק קליין,0,1
"שמוליק קליין, חסידימלעך, מנדי ברנדויין - השיבנו",שמוליק קליין,0,1
שמח תמיד איציק וינגרטן live,איציק וינגרטן,2,3
שמחה ליינר וברוך צ_ייט - מחרוזת צ_ייט (לייב),שמחה ליינר,0,1
"שמחה ליינר, ברוך צ_ייט  מחרוזת צ_ייט",שמחה ליינר,0,1
"שמחה ליינר, ברוך צ_ייט - מחרוזת צ_ייט",שמחה ליינר,0,1
שמחה פרידמן  בקרוב (יתגדל)  רמיקס  נדב ביטון,שמחה פרידמן,0,1
שמחה פרידמן  בקרוב (יתגדל)  רמיקס  נדב ביטון,נדב ביטון,10,11
שמחה פרידמן - בקרוב (יתגדל) - רמיקס  נדב ביטון,שמחה פרידמן,0,1
שמחה פרידמן - בקרוב (יתגדל) - רמיקס  נדב ביטון,נדב ביטון,10,11
שמחה פרידמן ונתנאל ישראל במחרוזת שירי פסח תשפ''ג,שמחה פרידמן,0,1
שמע בקולה מיכאל אזולאי,מיכאל אזולאי,2,3
שמע השם חיים ציפל,חיים ציפל,2,3
שמע ישראל יעקב שוואקי,יעקב שוואקי,2,3
שמע לוי כהן,לוי כהן,1,2
שמעון בר יוחאי שער  מחר יפציע האור,שמעון בר יוחאי שער,0,3
שמעון בר יוחאי שער - מחר יפציע האור,שמעון בר יוחאי שער,0,3
שמש רוח וקפה אודי דמארי,אודי דמארי,3,4
שערי סליחות חיים ישראל ובני פרידמן,חיים ישראל,2,3
שרולי ברונכר & חיים ציפל - אליך,שרולי ברונכר,0,1
שרולי ברונכר & חיים ציפל - אליך,חיים ציפל,3,4
שרולי ברונכר אברומי וינברג שובו אלי,שרולי ברונכר,0,1
"שרולי ברונכר, מאיר גרין  עדלאידע",שרולי ברונכר,0,1
"שרולי ברונכר, מאיר גרין - עדלאידע",שרולי ברונכר,0,1
שרולי גרין - אָאַ,שרולי גרין,0,1
שרולי גרין - ביזט א גיטע מענטש,שרולי גרין,0,1
שרולי גרין - ברכת הדיוט (ווקאלי),שרולי גרין,0,1
שרולי גרין - כח הישראלי - תקציר האלבום,שרולי גרין,0,1
שרולי גרין ויוסי שטנדיג - ריקוד שני אנרגיה,שרולי גרין,0,1
שתי דמעות קובי גרינבוים,קובי גרינבוים,2,3
תוותר תרוויח יותר יוסף חיים שוואקי,יוסף חיים שוואקי,3,5
תזכור יוסף נטיב ומקהלת משאלות,יוסף נטיב,1,2
תזכנו להיות בשמחה  רמיקס הראל טל ו די ג_י אלקנה וולפסון,הראל טל,5,6
תזכנו להיות בשמחה הראל טל,הראל טל,3,4
"תזמורת פייער & מוטי גולדמן & מקהלת נשמה, מחרוזת ריקודים סוערים",מוטי גולדמן,3,4
תחזיק חזק  ווקאלי בני פרידמן וברוך לוין,בני פרידמן,4,5
תחייך אל העולם  רמיקס רזיאל חי ודי ג_י אור מויאל,רזיאל חי,5,6
תחייך אל העולם  רמיקס רזיאל חי ודי ג_י אור מויאל,אור מויאל,9,10
תכלת ולבן דוד בן ארזה,דוד בן ארזה,2,4
תכף יפתח  קאבר  ווקאלי יונתן שטרן,יונתן שטרן,6,7
תכף יפתח - יונתן שטרן mp3,יונתן שטרן,3,4
תמיד שומר ארי ברמן,ארי ברמן,2,3
תפילתי ברק כהן,ברק כהן,1,2
תשירי יונתן רזאל,יונתן רזאל,1,2
תשרי נחת אידיש נחת ויוסי גרין ודובי מייזעלס,אידיש נחת,2,3
